
<resources>

   <resource>
      <uid>1</uid>
      <scope>1</scope>
      <resource_type>path</resource_type>
      <file_name>./assets/materials/scripts/</file_name>
   </resource>

   <resource>
      <uid>2</uid>
      <scope>1</scope>
      <resource_type>path</resource_type>
      <file_name>./assets/models/</file_name>
   </resource>

   <resource>
      <uid>3</uid>
      <scope>1</scope>
      <resource_type>mesh</resource_type>
      <file_name>handle.mesh</file_name>
   </resource>

   <resource>
      <uid>4</uid>
      <scope>1</scope>
      <resource_type>mesh</resource_type>
      <file_name>center.mesh</file_name>
   </resource>

   <resource>
      <uid>5</uid>
      <scope>1</scope>
      <resource_type>mesh</resource_type>
      <file_name>blade.mesh</file_name>
   </resource>

   <resource>
      <uid>6</uid>
      <scope>1</scope>
      <resource_type>mesh</resource_type>
      <file_name>hilt.mesh</file_name>
   </resource>

   <resource>
      <uid>7</uid>
      <scope>1</scope>
      <resource_type>mesh</resource_type>
      <file_name>brick03.mesh</file_name>
   </resource>

   <resource>
      <uid>8</uid>
      <scope>1</scope>
      <resource_type>mesh</resource_type>
      <file_name>brick02.mesh</file_name>
   </resource>

   <resource>
      <uid>9</uid>
      <scope>1</scope>
      <resource_type>mesh</resource_type>
      <file_name>brick01.mesh</file_name>
   </resource>

<!--
   <resource>
      <uid>20</uid>
      <scope>1</scope>
      <resource_type>audio</resource_type>
      <file_name>./media/audio/audio_1/Star_Wars_Shadows_of_the_Empire_N64_Title_Music.mp3</file_name>
      <audio_type>stream</audio_type>
   </resource>

   <resource>
      <uid>21</uid>
      <scope>1</scope>
      <resource_type>audio</resource_type>
      <file_name>./media/audio/audio_1/saberon.mp3</file_name>
      <audio_type>sample</audio_type>
   </resource>

   <resource>
      <uid>22</uid>
      <scope>1</scope>
      <resource_type>audio</resource_type>
      <file_name>./media/audio/audio_1/saberoff.mp3</file_name>
      <audio_type>sample</audio_type>
   </resource>

   <resource>
      <uid>23</uid>
      <scope>1</scope>
      <resource_type>audio</resource_type>
      <file_name>./media/audio/audio_1/KX9_laser_cannon.mp3</file_name>
      <audio_type>sample</audio_type>
   </resource>

   <resource>
      <uid>24</uid>
      <scope>1</scope>
      <resource_type>audio</resource_type>
      <file_name>./media/audio/audio_1/R2D2-1.mp3</file_name>
      <audio_type>sample</audio_type>
   </resource>
   
   <resource>
      <uid>25</uid>
      <scope>1</scope>
      <resource_type>audio</resource_type>
      <file_name>./media/audio/audio_1/R2D2-2.mp3</file_name>
      <audio_type>sample</audio_type>
   </resource>
   
   <resource>
      <uid>26</uid>
      <scope>1</scope>
      <resource_type>audio</resource_type>
      <file_name>./media/audio/audio_1/R2D2-3.mp3</file_name>
      <audio_type>sample</audio_type>
   </resource>
   
   <resource>
      <uid>27</uid>
      <scope>1</scope>
      <resource_type>audio</resource_type>
      <file_name>./media/audio/audio_1/R2D2-Scream.mp3</file_name>
      <audio_type>sample</audio_type>
   </resource>

   <resource>
      <uid>28</uid>
      <scope>0</scope>
      <resource_type>audio</resource_type>
      <file_name>./media/audio/audio_0/electronic_water.mp3</file_name>
      <audio_type>stream</audio_type>
   </resource>

   <resource>
      <uid>29</uid>
      <scope>0</scope>
      <resource_type>audio</resource_type>
      <file_name>./media/audio/audio_0/ambient_water.mp3</file_name>
      <audio_type>stream</audio_type>
   </resource>

   <resource>
      <uid>30</uid>
      <scope>0</scope>
      <resource_type>audio</resource_type>
      <file_name>./media/audio/audio_0/alien_weapon.mp3</file_name>
      <audio_type>sample</audio_type>
   </resource>

   <resource>
      <uid>13</uid>
      <scope>1</scope>
      <resource_type>mesh</resource_type>
      <file_name>Wing.mesh</file_name>
   </resource>

   <resource>
      <uid>1</uid>
      <scope>0</scope>
      <resource_type>path</resource_type>
      <file_name>./assets/models/models_0</file_name>
   </resource>

   <resource>
      <uid>8</uid>
      <scope>1</scope>
      <resource_type>path</resource_type>
      <file_name>./assets/materials/scripts/scripts_1</file_name>
   </resource>

   <resource>
      <uid>9</uid>
      <scope>1</scope>
      <resource_type>mesh</resource_type>
      <file_name>Body.mesh</file_name>
   </resource>

   <resource>
      <uid>10</uid>
      <scope>1</scope>
      <resource_type>mesh</resource_type>
      <file_name>Engine.mesh</file_name>
   </resource>

   <resource>
      <uid>11</uid>
      <scope>1</scope>
      <resource_type>mesh</resource_type>
      <file_name>Gun.mesh</file_name>
   </resource>

   <resource>
      <uid>15</uid>
      <scope>2</scope>
      <resource_type>path</resource_type>
      <file_name>./assets/materials/scripts/scripts_2</file_name>
   </resource>

   <resource>
      <uid>16</uid>
      <scope>2</scope>
      <resource_type>mesh</resource_type>
      <file_name>Axle.mesh</file_name>
   </resource>

   <resource>
      <uid>19</uid>
      <scope>2</scope>
      <resource_type>mesh</resource_type>
      <file_name>Wheel.mesh</file_name>
   </resource>

   <resource>
      <uid>12</uid>
      <scope>1</scope>
      <resource_type>mesh</resource_type>
      <file_name>Robot.mesh</file_name>
   </resource>

   <resource>
      <uid>14</uid>
      <scope>2</scope>
      <resource_type>path</resource_type>
      <file_name>./assets/models/models_2</file_name>
   </resource>

   <resource>
      <uid>5</uid>
      <scope>0</scope>
      <resource_type>mesh</resource_type>
      <file_name>Rudder.mesh</file_name>
   </resource>

   <resource>
      <uid>6</uid>
      <scope>0</scope>
      <resource_type>mesh</resource_type>
      <file_name>Periscope.mesh</file_name>
   </resource>

   <resource>
      <uid>7</uid>
      <scope>1</scope>
      <resource_type>path</resource_type>
      <file_name>./assets/models/models_1</file_name>
   </resource>

   <resource>
      <uid>2</uid>
      <scope>0</scope>
      <resource_type>path</resource_type>
      <file_name>./assets/materials/scripts/scripts_0</file_name>
   </resource>

   <resource>
      <uid>3</uid>
      <scope>0</scope>
      <resource_type>mesh</resource_type>
      <file_name>Submarine.mesh</file_name>
   </resource>

   <resource>
      <uid>4</uid>
      <scope>0</scope>
      <resource_type>mesh</resource_type>
      <file_name>Propeller.mesh</file_name>
   </resource>

   <resource>
      <uid>17</uid>
      <scope>2</scope>
      <resource_type>mesh</resource_type>
      <file_name>Barrel.mesh</file_name>
   </resource>

   <resource>
      <uid>18</uid>
      <scope>2</scope>
      <resource_type>mesh</resource_type>
      <file_name>Cannonball.mesh</file_name>
   </resource>
-->

</resources>
