<?xml version="1.0" encoding="UTF-8"?>
<mesh>
    <sharedgeometry vertexcount="210">
        <vertexbuffer texture_coords="0" positions="true" colours_diffuse="False" normals="true">
            <vertex>
                <position y="0.014174" x="0.701283" z="-1.435688"/>
                <normal y="-0.922000" x="0.343416" z="-0.178834"/>
            </vertex>
            <vertex>
                <position y="-0.121673" x="0.969575" z="-0.220105"/>
                <normal y="-0.922000" x="0.343416" z="-0.178834"/>
            </vertex>
            <vertex>
                <position y="-0.395426" x="0.147532" z="-0.387312"/>
                <normal y="-0.922000" x="0.343416" z="-0.178834"/>
            </vertex>
            <vertex>
                <position y="-0.121673" x="0.969575" z="-0.220105"/>
                <normal y="0.282426" x="0.942903" z="-0.176546"/>
            </vertex>
            <vertex>
                <position y="0.014174" x="0.701283" z="-1.435688"/>
                <normal y="0.282426" x="0.942903" z="-0.176546"/>
            </vertex>
            <vertex>
                <position y="0.159874" x="0.895294" z="-0.166425"/>
                <normal y="0.282426" x="0.942903" z="-0.176546"/>
            </vertex>
            <vertex>
                <position y="-0.395426" x="0.147532" z="-0.387312"/>
                <normal y="-0.854172" x="-0.511864" z="-0.091577"/>
            </vertex>
            <vertex>
                <position y="0.000000" x="-0.450944" z="-0.542823"/>
                <normal y="-0.854172" x="-0.511864" z="-0.091577"/>
            </vertex>
            <vertex>
                <position y="0.000000" x="-0.381092" z="-1.120886"/>
                <normal y="-0.854172" x="-0.511864" z="-0.091577"/>
            </vertex>
            <vertex>
                <position y="-0.245640" x="0.242378" z="-2.126929"/>
                <normal y="-0.854172" x="-0.511864" z="-0.091577"/>
            </vertex>
            <vertex>
                <position y="0.396500" x="0.353901" z="-0.576126"/>
                <normal y="0.743423" x="0.644450" z="-0.178902"/>
            </vertex>
            <vertex>
                <position y="0.014174" x="0.701283" z="-1.435688"/>
                <normal y="0.743423" x="0.644450" z="-0.178902"/>
            </vertex>
            <vertex>
                <position y="0.000000" x="0.423113" z="-1.974453"/>
                <normal y="0.743423" x="0.644450" z="-0.178902"/>
            </vertex>
            <vertex>
                <position y="0.245640" x="0.242378" z="-2.126929"/>
                <normal y="0.743423" x="0.644450" z="-0.178902"/>
            </vertex>
            <vertex>
                <position y="0.014174" x="0.701283" z="-1.435688"/>
                <normal y="0.847217" x="0.501951" z="-0.173978"/>
            </vertex>
            <vertex>
                <position y="0.396500" x="0.353901" z="-0.576126"/>
                <normal y="0.847217" x="0.501951" z="-0.173978"/>
            </vertex>
            <vertex>
                <position y="0.159874" x="0.895294" z="-0.166425"/>
                <normal y="0.847217" x="0.501951" z="-0.173978"/>
            </vertex>
            <vertex>
                <position y="-0.121673" x="0.969575" z="-0.220105"/>
                <normal y="0.284158" x="0.939770" z="-0.189967"/>
            </vertex>
            <vertex>
                <position y="0.159874" x="0.895294" z="-0.166425"/>
                <normal y="0.284158" x="0.939770" z="-0.189967"/>
            </vertex>
            <vertex>
                <position y="-0.151138" x="1.114486" z="0.452696"/>
                <normal y="0.284158" x="0.939770" z="-0.189967"/>
            </vertex>
            <vertex>
                <position y="-0.395426" x="0.147532" z="-0.387312"/>
                <normal y="-0.861412" x="0.359784" z="-0.358504"/>
            </vertex>
            <vertex>
                <position y="-0.121673" x="0.969575" z="-0.220105"/>
                <normal y="-0.861412" x="0.359784" z="-0.358504"/>
            </vertex>
            <vertex>
                <position y="-0.632638" x="0.357078" z="0.392953"/>
                <normal y="-0.861412" x="0.359784" z="-0.358504"/>
            </vertex>
            <vertex>
                <position y="0.000000" x="-0.450944" z="-0.542823"/>
                <normal y="-0.796229" x="-0.410640" z="-0.444290"/>
            </vertex>
            <vertex>
                <position y="-0.395426" x="0.147532" z="-0.387312"/>
                <normal y="-0.796229" x="-0.410640" z="-0.444290"/>
            </vertex>
            <vertex>
                <position y="-0.392062" x="-0.498909" z="0.204139"/>
                <normal y="-0.796229" x="-0.410640" z="-0.444290"/>
            </vertex>
            <vertex>
                <position y="0.396500" x="0.353901" z="-0.576126"/>
                <normal y="0.851309" x="-0.431727" z="-0.298134"/>
            </vertex>
            <vertex>
                <position y="0.000000" x="-0.450944" z="-0.542823"/>
                <normal y="0.851309" x="-0.431727" z="-0.298134"/>
            </vertex>
            <vertex>
                <position y="0.402515" x="-0.492023" z="0.666030"/>
                <normal y="0.851309" x="-0.431727" z="-0.298134"/>
            </vertex>
            <vertex>
                <position y="0.159874" x="0.895294" z="-0.166425"/>
                <normal y="0.787965" x="0.551533" z="-0.273720"/>
            </vertex>
            <vertex>
                <position y="0.396500" x="0.353901" z="-0.576126"/>
                <normal y="0.787965" x="0.551533" z="-0.273720"/>
            </vertex>
            <vertex>
                <position y="0.767626" x="0.311525" z="0.406858"/>
                <normal y="0.787965" x="0.551533" z="-0.273720"/>
            </vertex>
            <vertex>
                <position y="-0.121673" x="0.969575" z="-0.220105"/>
                <normal y="-0.828575" x="0.538758" z="-0.152326"/>
            </vertex>
            <vertex>
                <position y="-0.151138" x="1.114486" z="0.452696"/>
                <normal y="-0.828575" x="0.538758" z="-0.152326"/>
            </vertex>
            <vertex>
                <position y="-0.632638" x="0.357078" z="0.392953"/>
                <normal y="-0.828575" x="0.538758" z="-0.152326"/>
            </vertex>
            <vertex>
                <position y="-0.395426" x="0.147532" z="-0.387312"/>
                <normal y="-0.948836" x="-0.215828" z="-0.230497"/>
            </vertex>
            <vertex>
                <position y="-0.632638" x="0.357078" z="0.392953"/>
                <normal y="-0.948836" x="-0.215828" z="-0.230497"/>
            </vertex>
            <vertex>
                <position y="-0.392062" x="-0.498909" z="0.204139"/>
                <normal y="-0.948836" x="-0.215828" z="-0.230497"/>
            </vertex>
            <vertex>
                <position y="0.000000" x="-0.450944" z="-0.542823"/>
                <normal y="0.035182" x="-0.998338" z="-0.045640"/>
            </vertex>
            <vertex>
                <position y="-0.392062" x="-0.498909" z="0.204139"/>
                <normal y="0.035182" x="-0.998338" z="-0.045640"/>
            </vertex>
            <vertex>
                <position y="0.402515" x="-0.492023" z="0.666030"/>
                <normal y="0.035182" x="-0.998338" z="-0.045640"/>
            </vertex>
            <vertex>
                <position y="0.396500" x="0.353901" z="-0.576126"/>
                <normal y="0.815526" x="-0.476489" z="-0.328443"/>
            </vertex>
            <vertex>
                <position y="0.402515" x="-0.492023" z="0.666030"/>
                <normal y="0.815526" x="-0.476489" z="-0.328443"/>
            </vertex>
            <vertex>
                <position y="0.767626" x="0.311525" z="0.406858"/>
                <normal y="0.815526" x="-0.476489" z="-0.328443"/>
            </vertex>
            <vertex>
                <position y="0.159874" x="0.895294" z="-0.166425"/>
                <normal y="0.658499" x="0.749738" z="0.065359"/>
            </vertex>
            <vertex>
                <position y="0.767626" x="0.311525" z="0.406858"/>
                <normal y="0.658499" x="0.749738" z="0.065359"/>
            </vertex>
            <vertex>
                <position y="-0.151138" x="1.114486" z="0.452696"/>
                <normal y="0.658499" x="0.749738" z="0.065359"/>
            </vertex>
            <vertex>
                <position y="-0.632638" x="0.357078" z="0.392953"/>
                <normal y="-0.638526" x="0.351939" z="0.684414"/>
            </vertex>
            <vertex>
                <position y="-0.151138" x="1.114486" z="0.452696"/>
                <normal y="-0.638526" x="0.351939" z="0.684414"/>
            </vertex>
            <vertex>
                <position y="0.114427" x="0.290076" z="1.124384"/>
                <normal y="-0.638526" x="0.351939" z="0.684414"/>
            </vertex>
            <vertex>
                <position y="-0.392062" x="-0.498909" z="0.204139"/>
                <normal y="-0.674394" x="-0.334714" z="0.658148"/>
            </vertex>
            <vertex>
                <position y="-0.632638" x="0.357078" z="0.392953"/>
                <normal y="-0.674394" x="-0.334714" z="0.658148"/>
            </vertex>
            <vertex>
                <position y="0.114427" x="0.290076" z="1.124384"/>
                <normal y="-0.674394" x="-0.334714" z="0.658148"/>
            </vertex>
            <vertex>
                <position y="0.402515" x="-0.492023" z="0.666030"/>
                <normal y="-0.409638" x="-0.568848" z="0.713168"/>
            </vertex>
            <vertex>
                <position y="-0.392062" x="-0.498909" z="0.204139"/>
                <normal y="-0.409638" x="-0.568848" z="0.713168"/>
            </vertex>
            <vertex>
                <position y="0.114427" x="0.290076" z="1.124384"/>
                <normal y="-0.409638" x="-0.568848" z="0.713168"/>
            </vertex>
            <vertex>
                <position y="0.767626" x="0.311525" z="0.406858"/>
                <normal y="0.735956" x="-0.119461" z="0.666407"/>
            </vertex>
            <vertex>
                <position y="0.402515" x="-0.492023" z="0.666030"/>
                <normal y="0.735956" x="-0.119461" z="0.666407"/>
            </vertex>
            <vertex>
                <position y="0.114427" x="0.290076" z="1.124384"/>
                <normal y="0.735956" x="-0.119461" z="0.666407"/>
            </vertex>
            <vertex>
                <position y="-0.151138" x="1.114486" z="0.452696"/>
                <normal y="0.569979" x="0.621500" z="0.537459"/>
            </vertex>
            <vertex>
                <position y="0.767626" x="0.311525" z="0.406858"/>
                <normal y="0.569979" x="0.621500" z="0.537459"/>
            </vertex>
            <vertex>
                <position y="0.114427" x="0.290076" z="1.124384"/>
                <normal y="0.569979" x="0.621500" z="0.537459"/>
            </vertex>
            <vertex>
                <position y="-0.245640" x="0.277839" z="-2.865373"/>
                <normal y="-0.589831" x="0.806929" z="0.031047"/>
            </vertex>
            <vertex>
                <position y="0.000000" x="0.458573" z="-3.079315"/>
                <normal y="-0.589831" x="0.806929" z="0.031047"/>
            </vertex>
            <vertex>
                <position y="0.000000" x="0.423113" z="-1.974453"/>
                <normal y="-0.589831" x="0.806929" z="0.031047"/>
            </vertex>
            <vertex>
                <position y="-0.245640" x="0.242378" z="-2.126929"/>
                <normal y="-0.589831" x="0.806929" z="0.031047"/>
            </vertex>
            <vertex>
                <position y="0.000000" x="-0.381092" z="-1.120886"/>
                <normal y="0.928172" x="-0.372023" z="-0.009826"/>
            </vertex>
            <vertex>
                <position y="0.245640" x="0.242378" z="-2.126929"/>
                <normal y="0.928172" x="-0.372023" z="-0.009826"/>
            </vertex>
            <vertex>
                <position y="0.245640" x="0.277839" z="-2.865373"/>
                <normal y="0.928172" x="-0.372023" z="-0.009826"/>
            </vertex>
            <vertex>
                <position y="0.000000" x="-0.345632" z="-3.067541"/>
                <normal y="0.928172" x="-0.372023" z="-0.009826"/>
            </vertex>
            <vertex>
                <position y="0.014174" x="0.701283" z="-1.435688"/>
                <normal y="-0.797781" x="0.595354" z="-0.095389"/>
            </vertex>
            <vertex>
                <position y="-0.395426" x="0.147532" z="-0.387312"/>
                <normal y="-0.797781" x="0.595354" z="-0.095389"/>
            </vertex>
            <vertex>
                <position y="-0.245640" x="0.242378" z="-2.126929"/>
                <normal y="-0.797781" x="0.595354" z="-0.095389"/>
            </vertex>
            <vertex>
                <position y="0.000000" x="0.423113" z="-1.974453"/>
                <normal y="-0.797781" x="0.595354" z="-0.095389"/>
            </vertex>
            <vertex>
                <position y="0.000000" x="-0.450944" z="-0.542823"/>
                <normal y="0.895184" x="-0.442317" z="-0.054779"/>
            </vertex>
            <vertex>
                <position y="0.396500" x="0.353901" z="-0.576126"/>
                <normal y="0.895184" x="-0.442317" z="-0.054779"/>
            </vertex>
            <vertex>
                <position y="0.245640" x="0.242378" z="-2.126929"/>
                <normal y="0.895184" x="-0.442317" z="-0.054779"/>
            </vertex>
            <vertex>
                <position y="0.000000" x="-0.381092" z="-1.120886"/>
                <normal y="0.895184" x="-0.442317" z="-0.054779"/>
            </vertex>
            <vertex>
                <position y="-0.434464" x="0.346124" z="-5.788455"/>
                <normal y="-0.658208" x="0.749145" z="0.074462"/>
            </vertex>
            <vertex>
                <position y="-0.168075" x="0.639978" z="-5.823157"/>
                <normal y="-0.658208" x="0.749145" z="0.074462"/>
            </vertex>
            <vertex>
                <position y="0.000000" x="0.458573" z="-3.079315"/>
                <normal y="-0.658208" x="0.749145" z="0.074462"/>
            </vertex>
            <vertex>
                <position y="-0.245640" x="0.277839" z="-2.865373"/>
                <normal y="-0.658208" x="0.749145" z="0.074462"/>
            </vertex>
            <vertex>
                <position y="0.000000" x="-0.345632" z="-3.067541"/>
                <normal y="0.932218" x="-0.356401" z="-0.062825"/>
            </vertex>
            <vertex>
                <position y="0.245640" x="0.277839" z="-2.865373"/>
                <normal y="0.932218" x="-0.356401" z="-0.062825"/>
            </vertex>
            <vertex>
                <position y="0.098314" x="0.391157" z="-5.788455"/>
                <normal y="0.932218" x="-0.356401" z="-0.062825"/>
            </vertex>
            <vertex>
                <position y="-0.168075" x="-0.284979" z="-5.811378"/>
                <normal y="0.932218" x="-0.356401" z="-0.062825"/>
            </vertex>
            <vertex>
                <position y="0.245640" x="0.242378" z="-2.126929"/>
                <normal y="0.589831" x="0.806930" z="0.031047"/>
            </vertex>
            <vertex>
                <position y="0.000000" x="0.423113" z="-1.974453"/>
                <normal y="0.589831" x="0.806930" z="0.031047"/>
            </vertex>
            <vertex>
                <position y="0.000000" x="0.458573" z="-3.079315"/>
                <normal y="0.589831" x="0.806930" z="0.031047"/>
            </vertex>
            <vertex>
                <position y="0.245640" x="0.277839" z="-2.865373"/>
                <normal y="0.589831" x="0.806930" z="0.031047"/>
            </vertex>
            <vertex>
                <position y="-0.245640" x="0.242378" z="-2.126929"/>
                <normal y="-0.928172" x="-0.372023" z="-0.009826"/>
            </vertex>
            <vertex>
                <position y="0.000000" x="-0.381092" z="-1.120886"/>
                <normal y="-0.928172" x="-0.372023" z="-0.009826"/>
            </vertex>
            <vertex>
                <position y="0.000000" x="-0.345632" z="-3.067541"/>
                <normal y="-0.928172" x="-0.372023" z="-0.009826"/>
            </vertex>
            <vertex>
                <position y="-0.245640" x="0.277839" z="-2.865373"/>
                <normal y="-0.928172" x="-0.372023" z="-0.009826"/>
            </vertex>
            <vertex>
                <position y="-0.416139" x="0.223813" z="-9.424417"/>
                <normal y="-0.809722" x="0.586690" z="-0.012023"/>
            </vertex>
            <vertex>
                <position y="-0.149749" x="0.663813" z="-9.461099"/>
                <normal y="-0.809722" x="0.586690" z="-0.012023"/>
            </vertex>
            <vertex>
                <position y="-0.168075" x="0.639978" z="-5.823157"/>
                <normal y="-0.809722" x="0.586690" z="-0.012023"/>
            </vertex>
            <vertex>
                <position y="-0.434464" x="0.346124" z="-5.788455"/>
                <normal y="-0.809722" x="0.586690" z="-0.012023"/>
            </vertex>
            <vertex>
                <position y="-0.168075" x="-0.284979" z="-5.811378"/>
                <normal y="0.929927" x="-0.367111" z="0.021583"/>
            </vertex>
            <vertex>
                <position y="0.098314" x="0.391157" z="-5.788455"/>
                <normal y="0.929927" x="-0.367111" z="0.021583"/>
            </vertex>
            <vertex>
                <position y="0.116640" x="0.223814" z="-9.424417"/>
                <normal y="0.929927" x="-0.367111" z="0.021583"/>
            </vertex>
            <vertex>
                <position y="-0.149749" x="-0.452322" z="-9.447341"/>
                <normal y="0.929927" x="-0.367111" z="0.021583"/>
            </vertex>
            <vertex>
                <position y="0.245640" x="0.277839" z="-2.865373"/>
                <normal y="0.641510" x="0.767103" z="0.004191"/>
            </vertex>
            <vertex>
                <position y="0.000000" x="0.458573" z="-3.079315"/>
                <normal y="0.641510" x="0.767103" z="0.004191"/>
            </vertex>
            <vertex>
                <position y="-0.168075" x="0.639978" z="-5.823157"/>
                <normal y="0.641510" x="0.767103" z="0.004191"/>
            </vertex>
            <vertex>
                <position y="0.098314" x="0.391157" z="-5.788455"/>
                <normal y="0.641510" x="0.767103" z="0.004191"/>
            </vertex>
            <vertex>
                <position y="-0.245640" x="0.277839" z="-2.865373"/>
                <normal y="-0.921609" x="-0.384978" z="0.049283"/>
            </vertex>
            <vertex>
                <position y="0.000000" x="-0.345632" z="-3.067541"/>
                <normal y="-0.921609" x="-0.384978" z="0.049283"/>
            </vertex>
            <vertex>
                <position y="-0.168075" x="-0.284979" z="-5.811378"/>
                <normal y="-0.921609" x="-0.384978" z="0.049283"/>
            </vertex>
            <vertex>
                <position y="-0.434464" x="0.346124" z="-5.788455"/>
                <normal y="-0.921609" x="-0.384978" z="0.049283"/>
            </vertex>
            <vertex>
                <position y="-0.149749" x="-0.452322" z="-9.447341"/>
                <normal y="0.930463" x="-0.366240" z="-0.010336"/>
            </vertex>
            <vertex>
                <position y="0.116640" x="0.223814" z="-9.424417"/>
                <normal y="0.930463" x="-0.366240" z="-0.010336"/>
            </vertex>
            <vertex>
                <position y="0.138905" x="0.434591" z="-14.888391"/>
                <normal y="0.930463" x="-0.366240" z="-0.010336"/>
            </vertex>
            <vertex>
                <position y="-0.143618" x="-0.282496" z="-14.912702"/>
                <normal y="0.930463" x="-0.366240" z="-0.010336"/>
            </vertex>
            <vertex>
                <position y="-0.416139" x="0.223813" z="-9.424417"/>
                <normal y="-0.938679" x="-0.344473" z="-0.014831"/>
            </vertex>
            <vertex>
                <position y="-0.149749" x="-0.452322" z="-9.447341"/>
                <normal y="-0.938679" x="-0.344473" z="-0.014831"/>
            </vertex>
            <vertex>
                <position y="-0.143618" x="-0.282496" z="-14.912702"/>
                <normal y="-0.938679" x="-0.344473" z="-0.014831"/>
            </vertex>
            <vertex>
                <position y="-0.426141" x="0.554239" z="-15.332796"/>
                <normal y="-0.938679" x="-0.344473" z="-0.014831"/>
            </vertex>
            <vertex>
                <position y="0.098314" x="0.391157" z="-5.788455"/>
                <normal y="0.791381" x="0.611269" z="-0.008072"/>
            </vertex>
            <vertex>
                <position y="-0.168075" x="0.639978" z="-5.823157"/>
                <normal y="0.791381" x="0.611269" z="-0.008072"/>
            </vertex>
            <vertex>
                <position y="-0.149749" x="0.663813" z="-9.461099"/>
                <normal y="0.791381" x="0.611269" z="-0.008072"/>
            </vertex>
            <vertex>
                <position y="0.116640" x="0.223814" z="-9.424417"/>
                <normal y="0.791381" x="0.611269" z="-0.008072"/>
            </vertex>
            <vertex>
                <position y="-0.434464" x="0.346124" z="-5.788455"/>
                <normal y="-0.925866" x="-0.377710" z="0.010378"/>
            </vertex>
            <vertex>
                <position y="-0.168075" x="-0.284979" z="-5.811378"/>
                <normal y="-0.925866" x="-0.377710" z="0.010378"/>
            </vertex>
            <vertex>
                <position y="-0.149749" x="-0.452322" z="-9.447341"/>
                <normal y="-0.925866" x="-0.377710" z="0.010378"/>
            </vertex>
            <vertex>
                <position y="-0.416139" x="0.223813" z="-9.424417"/>
                <normal y="-0.925866" x="-0.377710" z="0.010378"/>
            </vertex>
            <vertex>
                <position y="-0.426141" x="0.554239" z="-15.332796"/>
                <normal y="-0.945079" x="-0.326508" z="-0.014744"/>
            </vertex>
            <vertex>
                <position y="-0.143618" x="-0.282496" z="-14.912702"/>
                <normal y="-0.945079" x="-0.326508" z="-0.014744"/>
            </vertex>
            <vertex>
                <position y="-0.134436" x="-0.084141" z="-19.893944"/>
                <normal y="-0.945079" x="-0.326508" z="-0.014744"/>
            </vertex>
            <vertex>
                <position y="-0.416959" x="0.752593" z="-20.314037"/>
                <normal y="-0.945079" x="-0.326508" z="-0.014744"/>
            </vertex>
            <vertex>
                <position y="0.138905" x="0.434591" z="-14.888391"/>
                <normal y="0.853233" x="0.521051" z="0.022321"/>
            </vertex>
            <vertex>
                <position y="-0.143618" x="0.898851" z="-14.926244"/>
                <normal y="0.853233" x="0.521051" z="0.022321"/>
            </vertex>
            <vertex>
                <position y="-0.134436" x="1.097206" z="-19.907486"/>
                <normal y="0.853233" x="0.521051" z="0.022321"/>
            </vertex>
            <vertex>
                <position y="0.148087" x="0.632946" z="-19.869633"/>
                <normal y="0.853233" x="0.521051" z="0.022321"/>
            </vertex>
            <vertex>
                <position y="-0.426141" x="0.554239" z="-15.332796"/>
                <normal y="-0.825280" x="0.564013" z="0.028322"/>
            </vertex>
            <vertex>
                <position y="-0.143618" x="0.898851" z="-14.926244"/>
                <normal y="-0.825280" x="0.564013" z="0.028322"/>
            </vertex>
            <vertex>
                <position y="-0.149749" x="0.663813" z="-9.461099"/>
                <normal y="-0.825280" x="0.564013" z="0.028322"/>
            </vertex>
            <vertex>
                <position y="-0.416139" x="0.223813" z="-9.424417"/>
                <normal y="-0.825280" x="0.564013" z="0.028322"/>
            </vertex>
            <vertex>
                <position y="0.116640" x="0.223814" z="-9.424417"/>
                <normal y="0.853737" x="0.520176" z="0.023437"/>
            </vertex>
            <vertex>
                <position y="-0.149749" x="0.663813" z="-9.461099"/>
                <normal y="0.853737" x="0.520176" z="0.023437"/>
            </vertex>
            <vertex>
                <position y="-0.143618" x="0.898851" z="-14.926244"/>
                <normal y="0.853737" x="0.520176" z="0.023437"/>
            </vertex>
            <vertex>
                <position y="0.138905" x="0.434591" z="-14.888391"/>
                <normal y="0.853737" x="0.520176" z="0.023437"/>
            </vertex>
            <vertex>
                <position y="0.148087" x="0.632946" z="-19.869633"/>
                <normal y="0.776712" x="0.629685" z="0.014682"/>
            </vertex>
            <vertex>
                <position y="-0.134436" x="1.097206" z="-19.907486"/>
                <normal y="0.776712" x="0.629685" z="0.014682"/>
            </vertex>
            <vertex>
                <position y="-0.134436" x="1.187186" z="-28.693666"/>
                <normal y="0.776712" x="0.629685" z="0.014682"/>
            </vertex>
            <vertex>
                <position y="0.094949" x="1.018412" z="-28.662931"/>
                <normal y="0.776712" x="0.629685" z="0.014682"/>
            </vertex>
            <vertex>
                <position y="-0.363821" x="1.018412" z="-28.662931"/>
                <normal y="-0.712580" x="0.701482" z="0.012356"/>
            </vertex>
            <vertex>
                <position y="-0.134436" x="1.187186" z="-28.693666"/>
                <normal y="-0.712580" x="0.701482" z="0.012356"/>
            </vertex>
            <vertex>
                <position y="-0.134436" x="1.097206" z="-19.907486"/>
                <normal y="-0.712580" x="0.701482" z="0.012356"/>
            </vertex>
            <vertex>
                <position y="-0.416959" x="0.752593" z="-20.314037"/>
                <normal y="-0.712580" x="0.701482" z="0.012356"/>
            </vertex>
            <vertex>
                <position y="-0.143618" x="-0.282496" z="-14.912702"/>
                <normal y="0.930465" x="-0.366155" z="-0.012865"/>
            </vertex>
            <vertex>
                <position y="0.138905" x="0.434591" z="-14.888391"/>
                <normal y="0.930465" x="-0.366155" z="-0.012865"/>
            </vertex>
            <vertex>
                <position y="0.148087" x="0.632946" z="-19.869633"/>
                <normal y="0.930465" x="-0.366155" z="-0.012865"/>
            </vertex>
            <vertex>
                <position y="-0.134436" x="-0.084141" z="-19.893944"/>
                <normal y="0.930465" x="-0.366155" z="-0.012865"/>
            </vertex>
            <vertex>
                <position y="-0.416959" x="0.752593" z="-20.314037"/>
                <normal y="-0.786335" x="0.617367" z="0.023134"/>
            </vertex>
            <vertex>
                <position y="-0.134436" x="1.097206" z="-19.907486"/>
                <normal y="-0.786335" x="0.617367" z="0.023134"/>
            </vertex>
            <vertex>
                <position y="-0.143618" x="0.898851" z="-14.926244"/>
                <normal y="-0.786335" x="0.617367" z="0.023134"/>
            </vertex>
            <vertex>
                <position y="-0.426141" x="0.554239" z="-15.332796"/>
                <normal y="-0.786335" x="0.617367" z="0.023134"/>
            </vertex>
            <vertex>
                <position y="-0.468601" x="1.209539" z="-35.515343"/>
                <normal y="-0.588675" x="0.807757" z="0.031483"/>
            </vertex>
            <vertex>
                <position y="-0.232429" x="1.390101" z="-35.742447"/>
                <normal y="-0.588675" x="0.807757" z="0.031483"/>
            </vertex>
            <vertex>
                <position y="-0.134436" x="1.187186" z="-28.693666"/>
                <normal y="-0.588675" x="0.807757" z="0.031483"/>
            </vertex>
            <vertex>
                <position y="-0.363821" x="1.018412" z="-28.662931"/>
                <normal y="-0.588675" x="0.807757" z="0.031483"/>
            </vertex>
            <vertex>
                <position y="-0.148307" x="0.508585" z="-30.001188"/>
                <normal y="0.913425" x="-0.406102" z="-0.027123"/>
            </vertex>
            <vertex>
                <position y="0.094949" x="1.018412" z="-28.662931"/>
                <normal y="0.913425" x="-0.406102" z="-0.027123"/>
            </vertex>
            <vertex>
                <position y="0.002039" x="1.228231" z="-35.712955"/>
                <normal y="0.913425" x="-0.406102" z="-0.027123"/>
            </vertex>
            <vertex>
                <position y="-0.194831" x="0.751378" z="-34.423687"/>
                <normal y="0.913425" x="-0.406102" z="-0.027123"/>
            </vertex>
            <vertex>
                <position y="-0.416959" x="0.752593" z="-20.314037"/>
                <normal y="-0.941614" x="-0.336233" z="-0.017644"/>
            </vertex>
            <vertex>
                <position y="-0.134436" x="-0.084141" z="-19.893944"/>
                <normal y="-0.941614" x="-0.336233" z="-0.017644"/>
            </vertex>
            <vertex>
                <position y="-0.148307" x="0.508585" z="-30.001188"/>
                <normal y="-0.941614" x="-0.336233" z="-0.017644"/>
            </vertex>
            <vertex>
                <position y="-0.363821" x="1.018412" z="-28.662931"/>
                <normal y="-0.941614" x="-0.336233" z="-0.017644"/>
            </vertex>
            <vertex>
                <position y="-0.134436" x="-0.084141" z="-19.893944"/>
                <normal y="0.927752" x="-0.372513" z="-0.022569"/>
            </vertex>
            <vertex>
                <position y="0.148087" x="0.632946" z="-19.869633"/>
                <normal y="0.927752" x="-0.372513" z="-0.022569"/>
            </vertex>
            <vertex>
                <position y="0.094949" x="1.018412" z="-28.662931"/>
                <normal y="0.927752" x="-0.372513" z="-0.022569"/>
            </vertex>
            <vertex>
                <position y="-0.148307" x="0.508585" z="-30.001188"/>
                <normal y="0.927752" x="-0.372513" z="-0.022569"/>
            </vertex>
            <vertex>
                <position y="-0.424257" x="1.208130" z="-44.159889"/>
                <normal y="-0.613999" x="0.789301" z="-0.003071"/>
            </vertex>
            <vertex>
                <position y="-0.189359" x="1.393019" z="-44.188343"/>
                <normal y="-0.613999" x="0.789301" z="-0.003071"/>
            </vertex>
            <vertex>
                <position y="-0.232429" x="1.390101" z="-35.742447"/>
                <normal y="-0.613999" x="0.789301" z="-0.003071"/>
            </vertex>
            <vertex>
                <position y="-0.468601" x="1.209539" z="-35.515343"/>
                <normal y="-0.613999" x="0.789301" z="-0.003071"/>
            </vertex>
            <vertex>
                <position y="-0.194831" x="0.751378" z="-34.423687"/>
                <normal y="0.903830" x="-0.427885" z="0.002586"/>
            </vertex>
            <vertex>
                <position y="0.002039" x="1.228231" z="-35.712955"/>
                <normal y="0.903830" x="-0.427885" z="0.002586"/>
            </vertex>
            <vertex>
                <position y="0.056444" x="1.223324" z="-44.157425"/>
                <normal y="0.903830" x="-0.427885" z="0.002586"/>
            </vertex>
            <vertex>
                <position y="-0.166402" x="0.822419" z="-43.988136"/>
                <normal y="0.903830" x="-0.427885" z="0.002586"/>
            </vertex>
            <vertex>
                <position y="0.094949" x="1.018412" z="-28.662931"/>
                <normal y="0.578995" x="0.815174" z="0.016024"/>
            </vertex>
            <vertex>
                <position y="-0.134436" x="1.187186" z="-28.693666"/>
                <normal y="0.578995" x="0.815174" z="0.016024"/>
            </vertex>
            <vertex>
                <position y="-0.232429" x="1.390101" z="-35.742447"/>
                <normal y="0.578995" x="0.815174" z="0.016024"/>
            </vertex>
            <vertex>
                <position y="0.002039" x="1.228231" z="-35.712955"/>
                <normal y="0.578995" x="0.815174" z="0.016024"/>
            </vertex>
            <vertex>
                <position y="-0.363821" x="1.018412" z="-28.662931"/>
                <normal y="-0.893002" x="-0.450021" z="-0.005336"/>
            </vertex>
            <vertex>
                <position y="-0.148307" x="0.508585" z="-30.001188"/>
                <normal y="-0.893002" x="-0.450021" z="-0.005336"/>
            </vertex>
            <vertex>
                <position y="-0.194831" x="0.751378" z="-34.423687"/>
                <normal y="-0.893002" x="-0.450021" z="-0.005336"/>
            </vertex>
            <vertex>
                <position y="-0.468601" x="1.209539" z="-35.515343"/>
                <normal y="-0.893002" x="-0.450021" z="-0.005336"/>
            </vertex>
            <vertex>
                <position y="0.002039" x="1.228231" z="-35.712955"/>
                <normal y="0.567860" x="0.823119" z="0.003180"/>
            </vertex>
            <vertex>
                <position y="-0.232429" x="1.390101" z="-35.742447"/>
                <normal y="0.567860" x="0.823119" z="0.003180"/>
            </vertex>
            <vertex>
                <position y="-0.189359" x="1.393019" z="-44.188343"/>
                <normal y="0.567860" x="0.823119" z="0.003180"/>
            </vertex>
            <vertex>
                <position y="0.056444" x="1.223324" z="-44.157425"/>
                <normal y="0.567860" x="0.823119" z="0.003180"/>
            </vertex>
            <vertex>
                <position y="-0.468601" x="1.209539" z="-35.515343"/>
                <normal y="-0.842402" x="-0.538823" z="-0.005427"/>
            </vertex>
            <vertex>
                <position y="-0.194831" x="0.751378" z="-34.423687"/>
                <normal y="-0.842402" x="-0.538823" z="-0.005427"/>
            </vertex>
            <vertex>
                <position y="-0.166402" x="0.822419" z="-43.988136"/>
                <normal y="-0.842402" x="-0.538823" z="-0.005427"/>
            </vertex>
            <vertex>
                <position y="-0.424257" x="1.208130" z="-44.159889"/>
                <normal y="-0.842402" x="-0.538823" z="-0.005427"/>
            </vertex>
            <vertex>
                <position y="-0.180634" x="1.388455" z="-45.839420"/>
                <normal y="-0.779769" x="-0.600358" z="-0.177567"/>
            </vertex>
            <vertex>
                <position y="-0.424257" x="1.208130" z="-44.159889"/>
                <normal y="-0.779769" x="-0.600358" z="-0.177567"/>
            </vertex>
            <vertex>
                <position y="-0.166402" x="0.822419" z="-43.988136"/>
                <normal y="-0.779769" x="-0.600358" z="-0.177567"/>
            </vertex>
            <vertex>
                <position y="-0.180634" x="1.388455" z="-45.839420"/>
                <normal y="0.829381" x="-0.532454" z="-0.169175"/>
            </vertex>
            <vertex>
                <position y="-0.166402" x="0.822419" z="-43.988136"/>
                <normal y="0.829381" x="-0.532454" z="-0.169175"/>
            </vertex>
            <vertex>
                <position y="0.056444" x="1.223324" z="-44.157425"/>
                <normal y="0.829381" x="-0.532454" z="-0.169175"/>
            </vertex>
            <vertex>
                <position y="-0.424257" x="1.208130" z="-44.159889"/>
                <normal y="-0.618896" x="0.785454" z="-0.005442"/>
            </vertex>
            <vertex>
                <position y="-0.180634" x="1.388455" z="-45.839420"/>
                <normal y="-0.618896" x="0.785454" z="-0.005442"/>
            </vertex>
            <vertex>
                <position y="-0.189359" x="1.393019" z="-44.188343"/>
                <normal y="-0.618896" x="0.785454" z="-0.005442"/>
            </vertex>
            <vertex>
                <position y="-0.180634" x="1.388455" z="-45.839420"/>
                <normal y="0.568072" x="0.822979" z="0.000726"/>
            </vertex>
            <vertex>
                <position y="0.056444" x="1.223324" z="-44.157425"/>
                <normal y="0.568072" x="0.822979" z="0.000726"/>
            </vertex>
            <vertex>
                <position y="-0.189359" x="1.393019" z="-44.188343"/>
                <normal y="0.568072" x="0.822979" z="0.000726"/>
            </vertex>
        </vertexbuffer>
    </sharedgeometry>
    <submeshes>
        <submesh usesharedvertices="true" material="crystal" use32bitindexes="False" operationtype="triangle_list">
            <faces count="94">
                <face v1="0" v2="1" v3="2"/>
                <face v1="3" v2="4" v3="5"/>
                <face v1="6" v2="7" v3="8"/>
                <face v1="6" v2="8" v3="9"/>
                <face v1="10" v2="11" v3="12"/>
                <face v1="10" v2="12" v3="13"/>
                <face v1="14" v2="15" v3="16"/>
                <face v1="17" v2="18" v3="19"/>
                <face v1="20" v2="21" v3="22"/>
                <face v1="23" v2="24" v3="25"/>
                <face v1="26" v2="27" v3="28"/>
                <face v1="29" v2="30" v3="31"/>
                <face v1="32" v2="33" v3="34"/>
                <face v1="35" v2="36" v3="37"/>
                <face v1="38" v2="39" v3="40"/>
                <face v1="41" v2="42" v3="43"/>
                <face v1="44" v2="45" v3="46"/>
                <face v1="47" v2="48" v3="49"/>
                <face v1="50" v2="51" v3="52"/>
                <face v1="53" v2="54" v3="55"/>
                <face v1="56" v2="57" v3="58"/>
                <face v1="59" v2="60" v3="61"/>
                <face v1="62" v2="63" v3="64"/>
                <face v1="62" v2="64" v3="65"/>
                <face v1="66" v2="67" v3="68"/>
                <face v1="66" v2="68" v3="69"/>
                <face v1="70" v2="71" v3="72"/>
                <face v1="70" v2="72" v3="73"/>
                <face v1="74" v2="75" v3="76"/>
                <face v1="74" v2="76" v3="77"/>
                <face v1="78" v2="79" v3="80"/>
                <face v1="78" v2="80" v3="81"/>
                <face v1="82" v2="83" v3="84"/>
                <face v1="82" v2="84" v3="85"/>
                <face v1="86" v2="87" v3="88"/>
                <face v1="86" v2="88" v3="89"/>
                <face v1="90" v2="91" v3="92"/>
                <face v1="90" v2="92" v3="93"/>
                <face v1="94" v2="95" v3="96"/>
                <face v1="94" v2="96" v3="97"/>
                <face v1="98" v2="99" v3="100"/>
                <face v1="98" v2="100" v3="101"/>
                <face v1="102" v2="103" v3="104"/>
                <face v1="102" v2="104" v3="105"/>
                <face v1="106" v2="107" v3="108"/>
                <face v1="106" v2="108" v3="109"/>
                <face v1="110" v2="111" v3="112"/>
                <face v1="110" v2="112" v3="113"/>
                <face v1="114" v2="115" v3="116"/>
                <face v1="114" v2="116" v3="117"/>
                <face v1="118" v2="119" v3="120"/>
                <face v1="118" v2="120" v3="121"/>
                <face v1="122" v2="123" v3="124"/>
                <face v1="122" v2="124" v3="125"/>
                <face v1="126" v2="127" v3="128"/>
                <face v1="126" v2="128" v3="129"/>
                <face v1="130" v2="131" v3="132"/>
                <face v1="130" v2="132" v3="133"/>
                <face v1="134" v2="135" v3="136"/>
                <face v1="134" v2="136" v3="137"/>
                <face v1="138" v2="139" v3="140"/>
                <face v1="138" v2="140" v3="141"/>
                <face v1="142" v2="143" v3="144"/>
                <face v1="142" v2="144" v3="145"/>
                <face v1="146" v2="147" v3="148"/>
                <face v1="146" v2="148" v3="149"/>
                <face v1="150" v2="151" v3="152"/>
                <face v1="150" v2="152" v3="153"/>
                <face v1="154" v2="155" v3="156"/>
                <face v1="154" v2="156" v3="157"/>
                <face v1="158" v2="159" v3="160"/>
                <face v1="158" v2="160" v3="161"/>
                <face v1="162" v2="163" v3="164"/>
                <face v1="162" v2="164" v3="165"/>
                <face v1="166" v2="167" v3="168"/>
                <face v1="166" v2="168" v3="169"/>
                <face v1="170" v2="171" v3="172"/>
                <face v1="170" v2="172" v3="173"/>
                <face v1="174" v2="175" v3="176"/>
                <face v1="174" v2="176" v3="177"/>
                <face v1="178" v2="179" v3="180"/>
                <face v1="178" v2="180" v3="181"/>
                <face v1="182" v2="183" v3="184"/>
                <face v1="182" v2="184" v3="185"/>
                <face v1="186" v2="187" v3="188"/>
                <face v1="186" v2="188" v3="189"/>
                <face v1="190" v2="191" v3="192"/>
                <face v1="190" v2="192" v3="193"/>
                <face v1="194" v2="195" v3="196"/>
                <face v1="194" v2="196" v3="197"/>
                <face v1="198" v2="199" v3="200"/>
                <face v1="201" v2="202" v3="203"/>
                <face v1="204" v2="205" v3="206"/>
                <face v1="207" v2="208" v3="209"/>
            </faces>
        </submesh>
    </submeshes>
    <submeshnames>
        <submesh index="0" name="crystal">
        </submesh>
    </submeshnames>
</mesh>