<?xml version="1.0" encoding="UTF-8"?>
<mesh>
    <sharedgeometry vertexcount="258">
        <vertexbuffer texture_coords="1" positions="true" colours_diffuse="False" normals="true">
            <vertex>
                <position y="0.822162" x="0.000000" z="-0.736904"/>
                <normal y="0.865063" x="0.499444" z="0.047128"/>
                <texcoord u="0.275285" v="0.780546"/>
            </vertex>
            <vertex>
                <position y="0.511206" x="0.000000" z="4.970906"/>
                <normal y="0.865063" x="0.499444" z="0.047128"/>
                <texcoord u="0.173347" v="0.655177"/>
            </vertex>
            <vertex>
                <position y="0.255603" x="0.442717" z="4.970906"/>
                <normal y="0.865063" x="0.499444" z="0.047128"/>
                <texcoord u="0.157067" v="0.668819"/>
            </vertex>
            <vertex>
                <position y="0.411081" x="0.712013" z="-0.736904"/>
                <normal y="0.865063" x="0.499444" z="0.047128"/>
                <texcoord u="0.257467" v="0.795476"/>
            </vertex>
            <vertex>
                <position y="0.411081" x="0.712013" z="-0.736904"/>
                <normal y="-0.000000" x="0.998889" z="0.047128"/>
                <texcoord u="0.257467" v="0.795476"/>
            </vertex>
            <vertex>
                <position y="0.255603" x="0.442717" z="4.970906"/>
                <normal y="-0.000000" x="0.998889" z="0.047128"/>
                <texcoord u="0.157067" v="0.668819"/>
            </vertex>
            <vertex>
                <position y="-0.255603" x="0.442717" z="4.970906"/>
                <normal y="-0.000000" x="0.998889" z="0.047128"/>
                <texcoord u="0.140616" v="0.682261"/>
            </vertex>
            <vertex>
                <position y="-0.411081" x="0.712013" z="-0.736904"/>
                <normal y="-0.000000" x="0.998889" z="0.047128"/>
                <texcoord u="0.239461" v="0.810188"/>
            </vertex>
            <vertex>
                <position y="-0.411081" x="0.712013" z="-0.736904"/>
                <normal y="-0.865063" x="0.499444" z="0.047128"/>
                <texcoord u="0.239461" v="0.810188"/>
            </vertex>
            <vertex>
                <position y="-0.255603" x="0.442717" z="4.970906"/>
                <normal y="-0.865063" x="0.499444" z="0.047128"/>
                <texcoord u="0.140616" v="0.682261"/>
            </vertex>
            <vertex>
                <position y="-0.511206" x="-0.000000" z="4.970906"/>
                <normal y="-0.865063" x="0.499444" z="0.047128"/>
                <texcoord u="0.123994" v="0.695501"/>
            </vertex>
            <vertex>
                <position y="-0.822162" x="-0.000000" z="-0.736904"/>
                <normal y="-0.865063" x="0.499444" z="0.047128"/>
                <texcoord u="0.221269" v="0.824679"/>
            </vertex>
            <vertex>
                <position y="-0.822162" x="-0.000000" z="-0.736904"/>
                <normal y="-0.865063" x="-0.499445" z="0.047128"/>
                <texcoord u="0.327578" v="0.734468"/>
            </vertex>
            <vertex>
                <position y="-0.511206" x="-0.000000" z="4.970906"/>
                <normal y="-0.865063" x="-0.499445" z="0.047128"/>
                <texcoord u="0.221126" v="0.613077"/>
            </vertex>
            <vertex>
                <position y="-0.255603" x="-0.442717" z="4.970906"/>
                <normal y="-0.865063" x="-0.499445" z="0.047128"/>
                <texcoord u="0.205378" v="0.627304"/>
            </vertex>
            <vertex>
                <position y="-0.411081" x="-0.712013" z="-0.736904"/>
                <normal y="-0.865063" x="-0.499445" z="0.047128"/>
                <texcoord u="0.310343" v="0.750039"/>
            </vertex>
            <vertex>
                <position y="-0.255603" x="0.442717" z="4.970906"/>
                <normal y="-0.000000" x="0.974594" z="-0.223980"/>
                <texcoord u="0.495962" v="0.843029"/>
            </vertex>
            <vertex>
                <position y="0.255603" x="0.442717" z="4.970906"/>
                <normal y="-0.000000" x="0.974594" z="-0.223980"/>
                <texcoord u="0.807905" v="0.655234"/>
            </vertex>
            <vertex>
                <position y="0.303841" x="0.526267" z="5.334453"/>
                <normal y="-0.000000" x="0.974594" z="-0.223980"/>
                <texcoord u="0.640933" v="0.576717"/>
            </vertex>
            <vertex>
                <position y="-0.303841" x="0.526267" z="5.334453"/>
                <normal y="-0.000000" x="0.974594" z="-0.223980"/>
                <texcoord u="0.496262" v="0.657364"/>
            </vertex>
            <vertex>
                <position y="0.511206" x="0.000000" z="4.970906"/>
                <normal y="0.865063" x="-0.499444" z="0.047128"/>
                <texcoord u="0.173347" v="0.655177"/>
            </vertex>
            <vertex>
                <position y="0.822162" x="0.000000" z="-0.736904"/>
                <normal y="0.865063" x="-0.499444" z="0.047128"/>
                <texcoord u="0.275285" v="0.780546"/>
            </vertex>
            <vertex>
                <position y="0.411081" x="-0.712013" z="-0.736904"/>
                <normal y="0.865063" x="-0.499444" z="0.047128"/>
                <texcoord u="0.292911" v="0.765400"/>
            </vertex>
            <vertex>
                <position y="0.255603" x="-0.442717" z="4.970906"/>
                <normal y="0.865063" x="-0.499444" z="0.047128"/>
                <texcoord u="0.189451" v="0.641338"/>
            </vertex>
            <vertex>
                <position y="-0.411081" x="-0.712013" z="-0.736904"/>
                <normal y="0.000000" x="-0.998889" z="0.047128"/>
                <texcoord u="0.310343" v="0.750039"/>
            </vertex>
            <vertex>
                <position y="-0.255603" x="-0.442717" z="4.970906"/>
                <normal y="0.000000" x="-0.998889" z="0.047128"/>
                <texcoord u="0.205378" v="0.627304"/>
            </vertex>
            <vertex>
                <position y="0.255603" x="-0.442717" z="4.970906"/>
                <normal y="0.000000" x="-0.998889" z="0.047128"/>
                <texcoord u="0.189451" v="0.641338"/>
            </vertex>
            <vertex>
                <position y="0.411081" x="-0.712013" z="-0.736904"/>
                <normal y="0.000000" x="-0.998889" z="0.047128"/>
                <texcoord u="0.292911" v="0.765400"/>
            </vertex>
            <vertex>
                <position y="0.411081" x="0.712013" z="-0.736904"/>
                <normal y="-0.000000" x="0.904118" z="0.427284"/>
                <texcoord u="0.532402" v="0.881731"/>
            </vertex>
            <vertex>
                <position y="-0.411081" x="0.712013" z="-0.736904"/>
                <normal y="-0.000000" x="0.904118" z="0.427284"/>
                <texcoord u="0.196361" v="0.712857"/>
            </vertex>
            <vertex>
                <position y="-0.604667" x="1.047313" z="-1.446387"/>
                <normal y="-0.000000" x="0.904118" z="0.427284"/>
                <texcoord u="0.153189" v="0.726119"/>
            </vertex>
            <vertex>
                <position y="0.604666" x="1.047313" z="-1.446387"/>
                <normal y="-0.000000" x="0.904118" z="0.427284"/>
                <texcoord u="0.531193" v="0.901695"/>
            </vertex>
            <vertex>
                <position y="0.604666" x="1.047313" z="-1.446387"/>
                <normal y="-0.000000" x="0.871094" z="-0.491117"/>
                <texcoord u="0.531193" v="0.901695"/>
            </vertex>
            <vertex>
                <position y="-0.604667" x="1.047313" z="-1.446387"/>
                <normal y="-0.000000" x="0.871094" z="-0.491117"/>
                <texcoord u="0.153189" v="0.726119"/>
            </vertex>
            <vertex>
                <position y="-0.418783" x="0.725353" z="-2.017447"/>
                <normal y="-0.000000" x="0.871094" z="-0.491117"/>
                <texcoord u="0.209519" v="0.691882"/>
            </vertex>
            <vertex>
                <position y="0.418783" x="0.725353" z="-2.017447"/>
                <normal y="-0.000000" x="0.871094" z="-0.491117"/>
                <texcoord u="0.522110" v="0.871419"/>
            </vertex>
            <vertex>
                <position y="-0.411081" x="0.712013" z="-0.736904"/>
                <normal y="-0.782989" x="0.452059" z="0.427284"/>
                <texcoord u="0.196361" v="0.712857"/>
            </vertex>
            <vertex>
                <position y="-0.822162" x="-0.000000" z="-0.736904"/>
                <normal y="-0.782989" x="0.452059" z="0.427284"/>
                <texcoord u="0.176281" v="0.327841"/>
            </vertex>
            <vertex>
                <position y="-1.209333" x="-0.000000" z="-1.446387"/>
                <normal y="-0.782989" x="0.452059" z="0.427284"/>
                <texcoord u="0.135008" v="0.308730"/>
            </vertex>
            <vertex>
                <position y="-0.604667" x="1.047313" z="-1.446387"/>
                <normal y="-0.782989" x="0.452059" z="0.427284"/>
                <texcoord u="0.153189" v="0.726119"/>
            </vertex>
            <vertex>
                <position y="0.822162" x="0.000000" z="-0.736904"/>
                <normal y="0.782989" x="0.452059" z="0.427284"/>
                <texcoord u="0.841272" v="0.656782"/>
            </vertex>
            <vertex>
                <position y="0.411081" x="0.712013" z="-0.736904"/>
                <normal y="0.782989" x="0.452059" z="0.427284"/>
                <texcoord u="0.532402" v="0.881731"/>
            </vertex>
            <vertex>
                <position y="0.604666" x="1.047313" z="-1.446387"/>
                <normal y="0.782989" x="0.452059" z="0.427284"/>
                <texcoord u="0.531193" v="0.901695"/>
            </vertex>
            <vertex>
                <position y="1.209333" x="0.000000" z="-1.446387"/>
                <normal y="0.782989" x="0.452059" z="0.427284"/>
                <texcoord u="0.877448" v="0.668178"/>
            </vertex>
            <vertex>
                <position y="-0.822162" x="-0.000000" z="-0.736904"/>
                <normal y="-0.782989" x="-0.452059" z="0.427284"/>
                <texcoord u="0.176281" v="0.327841"/>
            </vertex>
            <vertex>
                <position y="-0.411081" x="-0.712013" z="-0.736904"/>
                <normal y="-0.782989" x="-0.452059" z="0.427284"/>
                <texcoord u="0.480474" v="0.103235"/>
            </vertex>
            <vertex>
                <position y="-0.604666" x="-1.047313" z="-1.446387"/>
                <normal y="-0.782989" x="-0.452059" z="0.427284"/>
                <texcoord u="0.468285" v="0.074898"/>
            </vertex>
            <vertex>
                <position y="-1.209333" x="-0.000000" z="-1.446387"/>
                <normal y="-0.782989" x="-0.452059" z="0.427284"/>
                <texcoord u="0.135008" v="0.308730"/>
            </vertex>
            <vertex>
                <position y="-0.411081" x="-0.712013" z="-0.736904"/>
                <normal y="0.000000" x="-0.904117" z="0.427284"/>
                <texcoord u="0.480474" v="0.103235"/>
            </vertex>
            <vertex>
                <position y="0.411081" x="-0.712013" z="-0.736904"/>
                <normal y="0.000000" x="-0.904117" z="0.427284"/>
                <texcoord u="0.816357" v="0.269557"/>
            </vertex>
            <vertex>
                <position y="0.604666" x="-1.047313" z="-1.446387"/>
                <normal y="0.000000" x="-0.904117" z="0.427284"/>
                <texcoord u="0.843293" v="0.248434"/>
            </vertex>
            <vertex>
                <position y="-0.604666" x="-1.047313" z="-1.446387"/>
                <normal y="0.000000" x="-0.904117" z="0.427284"/>
                <texcoord u="0.468285" v="0.074898"/>
            </vertex>
            <vertex>
                <position y="0.411081" x="-0.712013" z="-0.736904"/>
                <normal y="0.782989" x="-0.452059" z="0.427284"/>
                <texcoord u="0.816357" v="0.269557"/>
            </vertex>
            <vertex>
                <position y="0.822162" x="0.000000" z="-0.736904"/>
                <normal y="0.782989" x="-0.452059" z="0.427284"/>
                <texcoord u="0.841272" v="0.656782"/>
            </vertex>
            <vertex>
                <position y="1.209333" x="0.000000" z="-1.446387"/>
                <normal y="0.782989" x="-0.452059" z="0.427284"/>
                <texcoord u="0.877448" v="0.668178"/>
            </vertex>
            <vertex>
                <position y="0.604666" x="-1.047313" z="-1.446387"/>
                <normal y="0.782989" x="-0.452059" z="0.427284"/>
                <texcoord u="0.843293" v="0.248434"/>
            </vertex>
            <vertex>
                <position y="-0.418783" x="0.725353" z="-2.017447"/>
                <normal y="-0.866025" x="0.500000" z="0.000000"/>
                <texcoord u="0.209519" v="0.691882"/>
            </vertex>
            <vertex>
                <position y="-0.837566" x="-0.000000" z="-2.017447"/>
                <normal y="-0.866025" x="0.500000" z="0.000000"/>
                <texcoord u="0.173129" v="0.335970"/>
            </vertex>
            <vertex>
                <position y="-0.837566" x="-0.000000" z="-2.257890"/>
                <normal y="-0.866025" x="0.500000" z="0.000000"/>
                <texcoord u="0.144835" v="0.323400"/>
            </vertex>
            <vertex>
                <position y="-0.418783" x="0.725353" z="-2.257890"/>
                <normal y="-0.866025" x="0.500000" z="0.000000"/>
                <texcoord u="0.181424" v="0.712430"/>
            </vertex>
            <vertex>
                <position y="-0.604666" x="-1.047313" z="-1.446387"/>
                <normal y="0.000000" x="-0.871094" z="-0.491117"/>
                <texcoord u="0.468285" v="0.074898"/>
            </vertex>
            <vertex>
                <position y="0.604666" x="-1.047313" z="-1.446387"/>
                <normal y="0.000000" x="-0.871094" z="-0.491117"/>
                <texcoord u="0.843293" v="0.248434"/>
            </vertex>
            <vertex>
                <position y="0.418783" x="-0.725353" z="-2.017447"/>
                <normal y="0.000000" x="-0.871094" z="-0.491117"/>
                <texcoord u="0.805233" v="0.272856"/>
            </vertex>
            <vertex>
                <position y="-0.418783" x="-0.725353" z="-2.017447"/>
                <normal y="0.000000" x="-0.871094" z="-0.491117"/>
                <texcoord u="0.442680" v="0.114460"/>
            </vertex>
            <vertex>
                <position y="1.209333" x="0.000000" z="-1.446387"/>
                <normal y="0.754389" x="0.435547" z="-0.491117"/>
                <texcoord u="0.877448" v="0.668178"/>
            </vertex>
            <vertex>
                <position y="0.604666" x="1.047313" z="-1.446387"/>
                <normal y="0.754389" x="0.435547" z="-0.491117"/>
                <texcoord u="0.531193" v="0.901695"/>
            </vertex>
            <vertex>
                <position y="0.418783" x="0.725353" z="-2.017447"/>
                <normal y="0.754389" x="0.435547" z="-0.491117"/>
                <texcoord u="0.522110" v="0.871419"/>
            </vertex>
            <vertex>
                <position y="0.837566" x="0.000000" z="-2.017447"/>
                <normal y="0.754389" x="0.435547" z="-0.491117"/>
                <texcoord u="0.838895" v="0.652950"/>
            </vertex>
            <vertex>
                <position y="-1.209333" x="-0.000000" z="-1.446387"/>
                <normal y="-0.754389" x="-0.435547" z="-0.491117"/>
                <texcoord u="0.135008" v="0.308730"/>
            </vertex>
            <vertex>
                <position y="-0.604666" x="-1.047313" z="-1.446387"/>
                <normal y="-0.754389" x="-0.435547" z="-0.491117"/>
                <texcoord u="0.468285" v="0.074898"/>
            </vertex>
            <vertex>
                <position y="-0.418783" x="-0.725353" z="-2.017447"/>
                <normal y="-0.754389" x="-0.435547" z="-0.491117"/>
                <texcoord u="0.442680" v="0.114460"/>
            </vertex>
            <vertex>
                <position y="-0.837566" x="-0.000000" z="-2.017447"/>
                <normal y="-0.754389" x="-0.435547" z="-0.491117"/>
                <texcoord u="0.173129" v="0.335970"/>
            </vertex>
            <vertex>
                <position y="-0.604667" x="1.047313" z="-1.446387"/>
                <normal y="-0.754389" x="0.435547" z="-0.491117"/>
                <texcoord u="0.153189" v="0.726119"/>
            </vertex>
            <vertex>
                <position y="-1.209333" x="-0.000000" z="-1.446387"/>
                <normal y="-0.754389" x="0.435547" z="-0.491117"/>
                <texcoord u="0.135008" v="0.308730"/>
            </vertex>
            <vertex>
                <position y="-0.837566" x="-0.000000" z="-2.017447"/>
                <normal y="-0.754389" x="0.435547" z="-0.491117"/>
                <texcoord u="0.173129" v="0.335970"/>
            </vertex>
            <vertex>
                <position y="-0.418783" x="0.725353" z="-2.017447"/>
                <normal y="-0.754389" x="0.435547" z="-0.491117"/>
                <texcoord u="0.209519" v="0.691882"/>
            </vertex>
            <vertex>
                <position y="0.604666" x="-1.047313" z="-1.446387"/>
                <normal y="0.754389" x="-0.435547" z="-0.491117"/>
                <texcoord u="0.843293" v="0.248434"/>
            </vertex>
            <vertex>
                <position y="1.209333" x="0.000000" z="-1.446387"/>
                <normal y="0.754389" x="-0.435547" z="-0.491117"/>
                <texcoord u="0.877448" v="0.668178"/>
            </vertex>
            <vertex>
                <position y="0.837566" x="0.000000" z="-2.017447"/>
                <normal y="0.754389" x="-0.435547" z="-0.491117"/>
                <texcoord u="0.838895" v="0.652950"/>
            </vertex>
            <vertex>
                <position y="0.418783" x="-0.725353" z="-2.017447"/>
                <normal y="0.754389" x="-0.435547" z="-0.491117"/>
                <texcoord u="0.805233" v="0.272856"/>
            </vertex>
            <vertex>
                <position y="0.837566" x="0.000000" z="-2.257890"/>
                <normal y="0.860769" x="0.496965" z="0.110013"/>
                <texcoord u="0.955615" v="0.150166"/>
            </vertex>
            <vertex>
                <position y="0.418783" x="0.725353" z="-2.257890"/>
                <normal y="0.860769" x="0.496965" z="0.110013"/>
                <texcoord u="0.935176" v="0.129212"/>
            </vertex>
            <vertex>
                <position y="0.758041" x="0.262678" z="-2.822270"/>
                <normal y="0.860769" x="0.496965" z="0.110013"/>
                <texcoord u="0.939003" v="0.148727"/>
            </vertex>
            <vertex>
                <position y="0.418783" x="-0.725353" z="-2.017447"/>
                <normal y="0.866025" x="-0.500000" z="0.000000"/>
                <texcoord u="0.805233" v="0.272856"/>
            </vertex>
            <vertex>
                <position y="0.837566" x="0.000000" z="-2.017447"/>
                <normal y="0.866025" x="-0.500000" z="0.000000"/>
                <texcoord u="0.838895" v="0.652950"/>
            </vertex>
            <vertex>
                <position y="0.837566" x="0.000000" z="-2.257890"/>
                <normal y="0.866025" x="-0.500000" z="0.000000"/>
                <texcoord u="0.900683" v="0.671907"/>
            </vertex>
            <vertex>
                <position y="0.418783" x="-0.725353" z="-2.257890"/>
                <normal y="0.866025" x="-0.500000" z="0.000000"/>
                <texcoord u="0.825663" v="0.252217"/>
            </vertex>
            <vertex>
                <position y="0.418783" x="0.725353" z="-2.017447"/>
                <normal y="-0.000000" x="1.000000" z="0.000000"/>
                <texcoord u="0.522110" v="0.871419"/>
            </vertex>
            <vertex>
                <position y="-0.418783" x="0.725353" z="-2.017447"/>
                <normal y="-0.000000" x="1.000000" z="0.000000"/>
                <texcoord u="0.209519" v="0.691882"/>
            </vertex>
            <vertex>
                <position y="-0.418783" x="0.725353" z="-2.257890"/>
                <normal y="-0.000000" x="1.000000" z="0.000000"/>
                <texcoord u="0.181424" v="0.712430"/>
            </vertex>
            <vertex>
                <position y="0.418783" x="0.725353" z="-2.257890"/>
                <normal y="-0.000000" x="1.000000" z="0.000000"/>
                <texcoord u="0.522462" v="0.921861"/>
            </vertex>
            <vertex>
                <position y="-0.418783" x="-0.725353" z="-2.017447"/>
                <normal y="0.000000" x="-1.000000" z="0.000000"/>
                <texcoord u="0.442680" v="0.114460"/>
            </vertex>
            <vertex>
                <position y="0.418783" x="-0.725353" z="-2.017447"/>
                <normal y="0.000000" x="-1.000000" z="0.000000"/>
                <texcoord u="0.805233" v="0.272856"/>
            </vertex>
            <vertex>
                <position y="0.418783" x="-0.725353" z="-2.257890"/>
                <normal y="0.000000" x="-1.000000" z="0.000000"/>
                <texcoord u="0.825663" v="0.252217"/>
            </vertex>
            <vertex>
                <position y="-0.418783" x="-0.725353" z="-2.257890"/>
                <normal y="0.000000" x="-1.000000" z="0.000000"/>
                <texcoord u="0.440779" v="0.077247"/>
            </vertex>
            <vertex>
                <position y="0.837566" x="0.000000" z="-2.017447"/>
                <normal y="0.866025" x="0.500000" z="0.000000"/>
                <texcoord u="0.838895" v="0.652950"/>
            </vertex>
            <vertex>
                <position y="0.418783" x="0.725353" z="-2.017447"/>
                <normal y="0.866025" x="0.500000" z="0.000000"/>
                <texcoord u="0.522110" v="0.871419"/>
            </vertex>
            <vertex>
                <position y="0.418783" x="0.725353" z="-2.257890"/>
                <normal y="0.866025" x="0.500000" z="0.000000"/>
                <texcoord u="0.522462" v="0.921861"/>
            </vertex>
            <vertex>
                <position y="0.837566" x="0.000000" z="-2.257890"/>
                <normal y="0.866025" x="0.500000" z="0.000000"/>
                <texcoord u="0.900683" v="0.671907"/>
            </vertex>
            <vertex>
                <position y="-0.837566" x="-0.000000" z="-2.017447"/>
                <normal y="-0.866025" x="-0.500000" z="0.000000"/>
                <texcoord u="0.173129" v="0.335970"/>
            </vertex>
            <vertex>
                <position y="-0.418783" x="-0.725353" z="-2.017447"/>
                <normal y="-0.866025" x="-0.500000" z="0.000000"/>
                <texcoord u="0.442680" v="0.114460"/>
            </vertex>
            <vertex>
                <position y="-0.418783" x="-0.725353" z="-2.257890"/>
                <normal y="-0.866025" x="-0.500000" z="0.000000"/>
                <texcoord u="0.440779" v="0.077247"/>
            </vertex>
            <vertex>
                <position y="-0.837566" x="-0.000000" z="-2.257890"/>
                <normal y="-0.866025" x="-0.500000" z="0.000000"/>
                <texcoord u="0.144835" v="0.323400"/>
            </vertex>
            <vertex>
                <position y="-0.607681" x="-0.000000" z="5.334453"/>
                <normal y="-0.776383" x="0.448245" z="-0.443066"/>
                <texcoord u="0.364779" v="0.564914"/>
            </vertex>
            <vertex>
                <position y="-0.303841" x="0.526267" z="5.334453"/>
                <normal y="-0.776383" x="0.448245" z="-0.443066"/>
                <texcoord u="0.496262" v="0.657364"/>
            </vertex>
            <vertex>
                <position y="-0.444365" x="0.769663" z="5.826935"/>
                <normal y="-0.776383" x="0.448245" z="-0.443066"/>
                <texcoord u="0.499940" v="0.535977"/>
            </vertex>
            <vertex>
                <position y="-0.888731" x="-0.000000" z="5.826935"/>
                <normal y="-0.776383" x="0.448245" z="-0.443066"/>
                <texcoord u="0.466361" v="0.519815"/>
            </vertex>
            <vertex>
                <position y="-0.511206" x="-0.000000" z="4.970906"/>
                <normal y="-0.844023" x="0.487297" z="-0.223980"/>
                <texcoord u="0.154185" v="0.646188"/>
            </vertex>
            <vertex>
                <position y="-0.255603" x="0.442717" z="4.970906"/>
                <normal y="-0.844023" x="0.487297" z="-0.223980"/>
                <texcoord u="0.495962" v="0.843029"/>
            </vertex>
            <vertex>
                <position y="-0.303841" x="0.526267" z="5.334453"/>
                <normal y="-0.844023" x="0.487297" z="-0.223980"/>
                <texcoord u="0.496262" v="0.657364"/>
            </vertex>
            <vertex>
                <position y="-0.607681" x="-0.000000" z="5.334453"/>
                <normal y="-0.844023" x="0.487297" z="-0.223980"/>
                <texcoord u="0.364779" v="0.564914"/>
            </vertex>
            <vertex>
                <position y="0.255603" x="0.442717" z="4.970906"/>
                <normal y="0.844023" x="0.487297" z="-0.223980"/>
                <texcoord u="0.807905" v="0.655234"/>
            </vertex>
            <vertex>
                <position y="0.511206" x="0.000000" z="4.970906"/>
                <normal y="0.844023" x="0.487297" z="-0.223980"/>
                <texcoord u="0.855377" v="0.359348"/>
            </vertex>
            <vertex>
                <position y="0.607681" x="-0.000000" z="5.334453"/>
                <normal y="0.844023" x="0.487297" z="-0.223980"/>
                <texcoord u="0.638204" v="0.448311"/>
            </vertex>
            <vertex>
                <position y="0.303841" x="0.526267" z="5.334453"/>
                <normal y="0.844023" x="0.487297" z="-0.223980"/>
                <texcoord u="0.640933" v="0.576717"/>
            </vertex>
            <vertex>
                <position y="-0.255603" x="-0.442717" z="4.970906"/>
                <normal y="-0.844023" x="-0.487297" z="-0.223980"/>
                <texcoord u="0.185950" v="0.340832"/>
            </vertex>
            <vertex>
                <position y="-0.511206" x="-0.000000" z="4.970906"/>
                <normal y="-0.844023" x="-0.487297" z="-0.223980"/>
                <texcoord u="0.154185" v="0.646188"/>
            </vertex>
            <vertex>
                <position y="-0.607681" x="-0.000000" z="5.334453"/>
                <normal y="-0.844023" x="-0.487297" z="-0.223980"/>
                <texcoord u="0.364779" v="0.564914"/>
            </vertex>
            <vertex>
                <position y="-0.303841" x="-0.526267" z="5.334453"/>
                <normal y="-0.844023" x="-0.487297" z="-0.223980"/>
                <texcoord u="0.392258" v="0.451606"/>
            </vertex>
            <vertex>
                <position y="0.255603" x="-0.442717" z="4.970906"/>
                <normal y="0.000000" x="-0.974594" z="-0.223981"/>
                <texcoord u="0.509546" v="0.130396"/>
            </vertex>
            <vertex>
                <position y="-0.255603" x="-0.442717" z="4.970906"/>
                <normal y="0.000000" x="-0.974594" z="-0.223981"/>
                <texcoord u="0.185950" v="0.340832"/>
            </vertex>
            <vertex>
                <position y="-0.303841" x="-0.526267" z="5.334453"/>
                <normal y="0.000000" x="-0.974594" z="-0.223981"/>
                <texcoord u="0.392258" v="0.451606"/>
            </vertex>
            <vertex>
                <position y="0.303841" x="-0.526267" z="5.334453"/>
                <normal y="0.000000" x="-0.974594" z="-0.223981"/>
                <texcoord u="0.506302" v="0.389543"/>
            </vertex>
            <vertex>
                <position y="0.511206" x="0.000000" z="4.970906"/>
                <normal y="0.844023" x="-0.487297" z="-0.223981"/>
                <texcoord u="0.855377" v="0.359348"/>
            </vertex>
            <vertex>
                <position y="0.255603" x="-0.442717" z="4.970906"/>
                <normal y="0.844023" x="-0.487297" z="-0.223981"/>
                <texcoord u="0.509546" v="0.130396"/>
            </vertex>
            <vertex>
                <position y="0.303841" x="-0.526267" z="5.334453"/>
                <normal y="0.844023" x="-0.487297" z="-0.223981"/>
                <texcoord u="0.506302" v="0.389543"/>
            </vertex>
            <vertex>
                <position y="0.607681" x="-0.000000" z="5.334453"/>
                <normal y="0.844023" x="-0.487297" z="-0.223981"/>
                <texcoord u="0.638204" v="0.448311"/>
            </vertex>
            <vertex>
                <position y="0.444365" x="-0.769663" z="5.826935"/>
                <normal y="0.000000" x="-0.742321" z="0.670044"/>
                <texcoord u="0.504212" v="0.473262"/>
            </vertex>
            <vertex>
                <position y="-0.444365" x="-0.769663" z="5.826935"/>
                <normal y="0.000000" x="-0.742321" z="0.670044"/>
                <texcoord u="0.465937" v="0.486972"/>
            </vertex>
            <vertex>
                <position y="-0.282583" x="-0.489448" z="6.137377"/>
                <normal y="0.000000" x="-0.742321" z="0.670044"/>
                <texcoord u="0.484162" v="0.494672"/>
            </vertex>
            <vertex>
                <position y="0.282583" x="-0.489448" z="6.137377"/>
                <normal y="0.000000" x="-0.742321" z="0.670044"/>
                <texcoord u="0.502982" v="0.488381"/>
            </vertex>
            <vertex>
                <position y="0.607681" x="-0.000000" z="5.334453"/>
                <normal y="0.776382" x="-0.448245" z="-0.443065"/>
                <texcoord u="0.638204" v="0.448311"/>
            </vertex>
            <vertex>
                <position y="0.303841" x="-0.526267" z="5.334453"/>
                <normal y="0.776382" x="-0.448245" z="-0.443065"/>
                <texcoord u="0.506302" v="0.389543"/>
            </vertex>
            <vertex>
                <position y="0.444365" x="-0.769663" z="5.826935"/>
                <normal y="0.776382" x="-0.448245" z="-0.443065"/>
                <texcoord u="0.504212" v="0.473262"/>
            </vertex>
            <vertex>
                <position y="0.888731" x="-0.000000" z="5.826935"/>
                <normal y="0.776382" x="-0.448245" z="-0.443065"/>
                <texcoord u="0.538533" v="0.489870"/>
            </vertex>
            <vertex>
                <position y="-0.303841" x="0.526267" z="5.334453"/>
                <normal y="0.000000" x="0.896489" z="-0.443066"/>
                <texcoord u="0.496262" v="0.657364"/>
            </vertex>
            <vertex>
                <position y="0.303841" x="0.526267" z="5.334453"/>
                <normal y="0.000000" x="0.896489" z="-0.443066"/>
                <texcoord u="0.640933" v="0.576717"/>
            </vertex>
            <vertex>
                <position y="0.444365" x="0.769663" z="5.826935"/>
                <normal y="0.000000" x="0.896489" z="-0.443066"/>
                <texcoord u="0.533851" v="0.520667"/>
            </vertex>
            <vertex>
                <position y="-0.444365" x="0.769663" z="5.826935"/>
                <normal y="0.000000" x="0.896489" z="-0.443066"/>
                <texcoord u="0.499940" v="0.535977"/>
            </vertex>
            <vertex>
                <position y="0.303841" x="-0.526267" z="5.334453"/>
                <normal y="0.000000" x="-0.896489" z="-0.443065"/>
                <texcoord u="0.506302" v="0.389543"/>
            </vertex>
            <vertex>
                <position y="-0.303841" x="-0.526267" z="5.334453"/>
                <normal y="0.000000" x="-0.896489" z="-0.443065"/>
                <texcoord u="0.392258" v="0.451606"/>
            </vertex>
            <vertex>
                <position y="-0.444365" x="-0.769663" z="5.826935"/>
                <normal y="0.000000" x="-0.896489" z="-0.443065"/>
                <texcoord u="0.465937" v="0.486972"/>
            </vertex>
            <vertex>
                <position y="0.444365" x="-0.769663" z="5.826935"/>
                <normal y="0.000000" x="-0.896489" z="-0.443065"/>
                <texcoord u="0.504212" v="0.473262"/>
            </vertex>
            <vertex>
                <position y="0.303841" x="0.526267" z="5.334453"/>
                <normal y="0.776382" x="0.448245" z="-0.443066"/>
                <texcoord u="0.640933" v="0.576717"/>
            </vertex>
            <vertex>
                <position y="0.607681" x="-0.000000" z="5.334453"/>
                <normal y="0.776382" x="0.448245" z="-0.443066"/>
                <texcoord u="0.638204" v="0.448311"/>
            </vertex>
            <vertex>
                <position y="0.888731" x="-0.000000" z="5.826935"/>
                <normal y="0.776382" x="0.448245" z="-0.443066"/>
                <texcoord u="0.538533" v="0.489870"/>
            </vertex>
            <vertex>
                <position y="0.444365" x="0.769663" z="5.826935"/>
                <normal y="0.776382" x="0.448245" z="-0.443066"/>
                <texcoord u="0.533851" v="0.520667"/>
            </vertex>
            <vertex>
                <position y="-0.303841" x="-0.526267" z="5.334453"/>
                <normal y="-0.776382" x="-0.448245" z="-0.443065"/>
                <texcoord u="0.392258" v="0.451606"/>
            </vertex>
            <vertex>
                <position y="-0.607681" x="-0.000000" z="5.334453"/>
                <normal y="-0.776382" x="-0.448245" z="-0.443065"/>
                <texcoord u="0.364779" v="0.564914"/>
            </vertex>
            <vertex>
                <position y="-0.888731" x="-0.000000" z="5.826935"/>
                <normal y="-0.776382" x="-0.448245" z="-0.443065"/>
                <texcoord u="0.466361" v="0.519815"/>
            </vertex>
            <vertex>
                <position y="-0.444365" x="-0.769663" z="5.826935"/>
                <normal y="-0.776382" x="-0.448245" z="-0.443065"/>
                <texcoord u="0.465937" v="0.486972"/>
            </vertex>
            <vertex>
                <position y="-0.418783" x="-0.725353" z="-2.257890"/>
                <normal y="-0.860698" x="-0.496924" z="0.110753"/>
                <texcoord u="0.912613" v="0.182738"/>
            </vertex>
            <vertex>
                <position y="-0.606874" x="-0.525356" z="-2.822270"/>
                <normal y="-0.860698" x="-0.496924" z="0.110753"/>
                <texcoord u="0.915725" v="0.166360"/>
            </vertex>
            <vertex>
                <position y="-0.837566" x="-0.000000" z="-2.257890"/>
                <normal y="-0.860698" x="-0.496924" z="0.110753"/>
                <texcoord u="0.897980" v="0.157389"/>
            </vertex>
            <vertex>
                <position y="0.418783" x="-0.725353" z="-2.257890"/>
                <normal y="0.860769" x="-0.496965" z="0.110013"/>
                <texcoord u="0.940979" v="0.175515"/>
            </vertex>
            <vertex>
                <position y="0.837566" x="0.000000" z="-2.257890"/>
                <normal y="0.860769" x="-0.496965" z="0.110013"/>
                <texcoord u="0.955615" v="0.150166"/>
            </vertex>
            <vertex>
                <position y="0.758041" x="-0.262678" z="-2.822270"/>
                <normal y="0.860769" x="-0.496965" z="0.110013"/>
                <texcoord u="0.939872" v="0.155659"/>
            </vertex>
            <vertex>
                <position y="0.837566" x="0.000000" z="-2.257890"/>
                <normal y="0.990218" x="0.000000" z="-0.139528"/>
                <texcoord u="0.955615" v="0.150166"/>
            </vertex>
            <vertex>
                <position y="0.758041" x="0.262678" z="-2.822270"/>
                <normal y="0.990218" x="0.000000" z="-0.139528"/>
                <texcoord u="0.939003" v="0.148727"/>
            </vertex>
            <vertex>
                <position y="0.758041" x="-0.262678" z="-2.822270"/>
                <normal y="0.990218" x="0.000000" z="-0.139528"/>
                <texcoord u="0.939872" v="0.155659"/>
            </vertex>
            <vertex>
                <position y="0.302333" x="-0.523657" z="-2.519184"/>
                <normal y="0.481935" x="0.159653" z="-0.861539"/>
                <texcoord u="0.933907" v="0.166178"/>
            </vertex>
            <vertex>
                <position y="-0.151903" x="-0.262678" z="-2.724916"/>
                <normal y="0.481935" x="0.159653" z="-0.861539"/>
                <texcoord u="0.922237" v="0.159899"/>
            </vertex>
            <vertex>
                <position y="-0.151902" x="-0.788034" z="-2.822270"/>
                <normal y="0.481935" x="0.159653" z="-0.861539"/>
                <texcoord u="0.922159" v="0.169073"/>
            </vertex>
            <vertex>
                <position y="0.302333" x="-0.523657" z="-2.519184"/>
                <normal y="0.206704" x="-0.358022" z="-0.910546"/>
                <texcoord u="0.933907" v="0.166178"/>
            </vertex>
            <vertex>
                <position y="0.303069" x="-0.000000" z="-2.724916"/>
                <normal y="0.206704" x="-0.358022" z="-0.910546"/>
                <texcoord u="0.931017" v="0.153248"/>
            </vertex>
            <vertex>
                <position y="-0.151903" x="-0.262678" z="-2.724916"/>
                <normal y="0.206704" x="-0.358022" z="-0.910546"/>
                <texcoord u="0.922237" v="0.159899"/>
            </vertex>
            <vertex>
                <position y="0.302333" x="0.523656" z="-2.519184"/>
                <normal y="0.481935" x="-0.159653" z="-0.861539"/>
                <texcoord u="0.930627" v="0.140005"/>
            </vertex>
            <vertex>
                <position y="-0.151903" x="0.788034" z="-2.822270"/>
                <normal y="0.481935" x="-0.159653" z="-0.861539"/>
                <texcoord u="0.918528" v="0.140099"/>
            </vertex>
            <vertex>
                <position y="-0.151903" x="0.262678" z="-2.724916"/>
                <normal y="0.481935" x="-0.159653" z="-0.861539"/>
                <texcoord u="0.920868" v="0.148971"/>
            </vertex>
            <vertex>
                <position y="0.418783" x="0.725353" z="-2.257890"/>
                <normal y="-0.000000" x="0.993889" z="0.110383"/>
                <texcoord u="0.935176" v="0.129212"/>
            </vertex>
            <vertex>
                <position y="-0.418783" x="0.725353" z="-2.257890"/>
                <normal y="-0.000000" x="0.993889" z="0.110383"/>
                <texcoord u="0.905905" v="0.129212"/>
            </vertex>
            <vertex>
                <position y="-0.151903" x="0.788034" z="-2.822270"/>
                <normal y="-0.000000" x="0.993889" z="0.110383"/>
                <texcoord u="0.918528" v="0.140099"/>
            </vertex>
            <vertex>
                <position y="-0.604666" x="0.000000" z="-2.519184"/>
                <normal y="-0.696187" x="-0.360920" z="-0.620532"/>
                <texcoord u="0.909602" v="0.155932"/>
            </vertex>
            <vertex>
                <position y="-0.606874" x="0.525356" z="-2.822270"/>
                <normal y="-0.696187" x="-0.360920" z="-0.620532"/>
                <texcoord u="0.912963" v="0.144316"/>
            </vertex>
            <vertex>
                <position y="-0.837566" x="-0.000000" z="-2.257890"/>
                <normal y="-0.696187" x="-0.360920" z="-0.620532"/>
                <texcoord u="0.897980" v="0.157389"/>
            </vertex>
            <vertex>
                <position y="-0.418783" x="-0.725353" z="-2.257890"/>
                <normal y="0.000000" x="-0.993889" z="0.110383"/>
                <texcoord u="0.912613" v="0.182738"/>
            </vertex>
            <vertex>
                <position y="0.418783" x="-0.725353" z="-2.257890"/>
                <normal y="0.000000" x="-0.993889" z="0.110383"/>
                <texcoord u="0.940979" v="0.175515"/>
            </vertex>
            <vertex>
                <position y="-0.151902" x="-0.788034" z="-2.822270"/>
                <normal y="0.000000" x="-0.993889" z="0.110383"/>
                <texcoord u="0.922159" v="0.169073"/>
            </vertex>
            <vertex>
                <position y="0.758041" x="-0.262678" z="-2.822270"/>
                <normal y="-0.379378" x="-0.337869" z="-0.861346"/>
                <texcoord u="0.939872" v="0.155659"/>
            </vertex>
            <vertex>
                <position y="0.303069" x="-0.000000" z="-2.724916"/>
                <normal y="-0.379378" x="-0.337869" z="-0.861346"/>
                <texcoord u="0.931017" v="0.153248"/>
            </vertex>
            <vertex>
                <position y="0.302333" x="-0.523657" z="-2.519184"/>
                <normal y="-0.379378" x="-0.337869" z="-0.861346"/>
                <texcoord u="0.933907" v="0.166178"/>
            </vertex>
            <vertex>
                <position y="0.758041" x="-0.262678" z="-2.822270"/>
                <normal y="-0.209242" x="-0.000000" z="-0.977864"/>
                <texcoord u="0.939872" v="0.155659"/>
            </vertex>
            <vertex>
                <position y="0.758041" x="0.262678" z="-2.822270"/>
                <normal y="-0.209242" x="-0.000000" z="-0.977864"/>
                <texcoord u="0.939003" v="0.148727"/>
            </vertex>
            <vertex>
                <position y="0.303069" x="-0.000000" z="-2.724916"/>
                <normal y="-0.209242" x="-0.000000" z="-0.977864"/>
                <texcoord u="0.931017" v="0.153248"/>
            </vertex>
            <vertex>
                <position y="0.758041" x="0.262678" z="-2.822270"/>
                <normal y="-0.379378" x="0.337869" z="-0.861346"/>
                <texcoord u="0.939003" v="0.148727"/>
            </vertex>
            <vertex>
                <position y="0.302333" x="0.523656" z="-2.519184"/>
                <normal y="-0.379378" x="0.337869" z="-0.861346"/>
                <texcoord u="0.930627" v="0.140005"/>
            </vertex>
            <vertex>
                <position y="0.303069" x="-0.000000" z="-2.724916"/>
                <normal y="-0.379378" x="0.337869" z="-0.861346"/>
                <texcoord u="0.931017" v="0.153248"/>
            </vertex>
            <vertex>
                <position y="-0.151902" x="-0.788034" z="-2.822270"/>
                <normal y="-0.495153" x="-0.857631" z="-0.138895"/>
                <texcoord u="0.922159" v="0.169073"/>
            </vertex>
            <vertex>
                <position y="-0.606874" x="-0.525356" z="-2.822270"/>
                <normal y="-0.495153" x="-0.857631" z="-0.138895"/>
                <texcoord u="0.915725" v="0.166360"/>
            </vertex>
            <vertex>
                <position y="-0.418783" x="-0.725353" z="-2.257890"/>
                <normal y="-0.495153" x="-0.857631" z="-0.138895"/>
                <texcoord u="0.912613" v="0.182738"/>
            </vertex>
            <vertex>
                <position y="-0.151902" x="-0.788034" z="-2.822270"/>
                <normal y="0.104621" x="0.181209" z="-0.977864"/>
                <texcoord u="0.922159" v="0.169073"/>
            </vertex>
            <vertex>
                <position y="-0.151903" x="-0.262678" z="-2.724916"/>
                <normal y="0.104621" x="0.181209" z="-0.977864"/>
                <texcoord u="0.922237" v="0.159899"/>
            </vertex>
            <vertex>
                <position y="-0.606874" x="-0.525356" z="-2.822270"/>
                <normal y="0.104621" x="0.181209" z="-0.977864"/>
                <texcoord u="0.915725" v="0.166360"/>
            </vertex>
            <vertex>
                <position y="-0.151903" x="-0.262678" z="-2.724916"/>
                <normal y="-0.102846" x="0.497392" z="-0.861408"/>
                <texcoord u="0.922237" v="0.159899"/>
            </vertex>
            <vertex>
                <position y="-0.604666" x="0.000000" z="-2.519184"/>
                <normal y="-0.102846" x="0.497392" z="-0.861408"/>
                <texcoord u="0.909602" v="0.155932"/>
            </vertex>
            <vertex>
                <position y="-0.606874" x="-0.525356" z="-2.822270"/>
                <normal y="-0.102846" x="0.497392" z="-0.861408"/>
                <texcoord u="0.915725" v="0.166360"/>
            </vertex>
            <vertex>
                <position y="-0.151903" x="-0.262678" z="-2.724916"/>
                <normal y="-0.413686" x="-0.000000" z="-0.910419"/>
                <texcoord u="0.922237" v="0.159899"/>
            </vertex>
            <vertex>
                <position y="-0.151903" x="0.262678" z="-2.724916"/>
                <normal y="-0.413686" x="-0.000000" z="-0.910419"/>
                <texcoord u="0.920868" v="0.148971"/>
            </vertex>
            <vertex>
                <position y="-0.604666" x="0.000000" z="-2.519184"/>
                <normal y="-0.413686" x="-0.000000" z="-0.910419"/>
                <texcoord u="0.909602" v="0.155932"/>
            </vertex>
            <vertex>
                <position y="-0.151903" x="-0.262678" z="-2.724916"/>
                <normal y="0.000000" x="-0.000000" z="-1.000000"/>
                <texcoord u="0.922237" v="0.159899"/>
            </vertex>
            <vertex>
                <position y="0.303069" x="-0.000000" z="-2.724916"/>
                <normal y="0.000000" x="-0.000000" z="-1.000000"/>
                <texcoord u="0.931017" v="0.153248"/>
            </vertex>
            <vertex>
                <position y="-0.151903" x="0.262678" z="-2.724916"/>
                <normal y="0.000000" x="-0.000000" z="-1.000000"/>
                <texcoord u="0.920868" v="0.148971"/>
            </vertex>
            <vertex>
                <position y="0.303069" x="-0.000000" z="-2.724916"/>
                <normal y="0.206704" x="0.358022" z="-0.910546"/>
                <texcoord u="0.931017" v="0.153248"/>
            </vertex>
            <vertex>
                <position y="0.302333" x="0.523656" z="-2.519184"/>
                <normal y="0.206704" x="0.358022" z="-0.910546"/>
                <texcoord u="0.930627" v="0.140005"/>
            </vertex>
            <vertex>
                <position y="-0.151903" x="0.262678" z="-2.724916"/>
                <normal y="0.206704" x="0.358022" z="-0.910546"/>
                <texcoord u="0.920868" v="0.148971"/>
            </vertex>
            <vertex>
                <position y="-0.151903" x="0.262678" z="-2.724916"/>
                <normal y="-0.102846" x="-0.497392" z="-0.861408"/>
                <texcoord u="0.920868" v="0.148971"/>
            </vertex>
            <vertex>
                <position y="-0.606874" x="0.525356" z="-2.822270"/>
                <normal y="-0.102846" x="-0.497392" z="-0.861408"/>
                <texcoord u="0.912963" v="0.144316"/>
            </vertex>
            <vertex>
                <position y="-0.604666" x="0.000000" z="-2.519184"/>
                <normal y="-0.102846" x="-0.497392" z="-0.861408"/>
                <texcoord u="0.909602" v="0.155932"/>
            </vertex>
            <vertex>
                <position y="-0.151903" x="0.262678" z="-2.724916"/>
                <normal y="0.104621" x="-0.181209" z="-0.977864"/>
                <texcoord u="0.920868" v="0.148971"/>
            </vertex>
            <vertex>
                <position y="-0.151903" x="0.788034" z="-2.822270"/>
                <normal y="0.104621" x="-0.181209" z="-0.977864"/>
                <texcoord u="0.918528" v="0.140099"/>
            </vertex>
            <vertex>
                <position y="-0.606874" x="0.525356" z="-2.822270"/>
                <normal y="0.104621" x="-0.181209" z="-0.977864"/>
                <texcoord u="0.912963" v="0.144316"/>
            </vertex>
            <vertex>
                <position y="-0.151903" x="0.788034" z="-2.822270"/>
                <normal y="-0.495154" x="0.857631" z="-0.138895"/>
                <texcoord u="0.918528" v="0.140099"/>
            </vertex>
            <vertex>
                <position y="-0.418783" x="0.725353" z="-2.257890"/>
                <normal y="-0.495154" x="0.857631" z="-0.138895"/>
                <texcoord u="0.905905" v="0.129212"/>
            </vertex>
            <vertex>
                <position y="-0.606874" x="0.525356" z="-2.822270"/>
                <normal y="-0.495154" x="0.857631" z="-0.138895"/>
                <texcoord u="0.912963" v="0.144316"/>
            </vertex>
            <vertex>
                <position y="0.418783" x="0.725353" z="-2.257890"/>
                <normal y="0.035828" x="0.783302" z="-0.620608"/>
                <texcoord u="0.935176" v="0.129212"/>
            </vertex>
            <vertex>
                <position y="0.302333" x="0.523656" z="-2.519184"/>
                <normal y="0.035828" x="0.783302" z="-0.620608"/>
                <texcoord u="0.930627" v="0.140005"/>
            </vertex>
            <vertex>
                <position y="0.758041" x="0.262678" z="-2.822270"/>
                <normal y="0.035828" x="0.783302" z="-0.620608"/>
                <texcoord u="0.939003" v="0.148727"/>
            </vertex>
            <vertex>
                <position y="-0.606874" x="-0.525356" z="-2.822270"/>
                <normal y="-0.696187" x="0.360920" z="-0.620532"/>
                <texcoord u="0.915725" v="0.166360"/>
            </vertex>
            <vertex>
                <position y="-0.604666" x="0.000000" z="-2.519184"/>
                <normal y="-0.696187" x="0.360920" z="-0.620532"/>
                <texcoord u="0.909602" v="0.155932"/>
            </vertex>
            <vertex>
                <position y="-0.837566" x="-0.000000" z="-2.257890"/>
                <normal y="-0.696187" x="0.360920" z="-0.620532"/>
                <texcoord u="0.897980" v="0.157389"/>
            </vertex>
            <vertex>
                <position y="0.302333" x="-0.523657" z="-2.519184"/>
                <normal y="0.035828" x="-0.783302" z="-0.620608"/>
                <texcoord u="0.933907" v="0.166178"/>
            </vertex>
            <vertex>
                <position y="0.418783" x="-0.725353" z="-2.257890"/>
                <normal y="0.035828" x="-0.783302" z="-0.620608"/>
                <texcoord u="0.940979" v="0.175515"/>
            </vertex>
            <vertex>
                <position y="0.758041" x="-0.262678" z="-2.822270"/>
                <normal y="0.035828" x="-0.783302" z="-0.620608"/>
                <texcoord u="0.939872" v="0.155659"/>
            </vertex>
            <vertex>
                <position y="0.302333" x="0.523656" z="-2.519184"/>
                <normal y="0.660262" x="0.422869" z="-0.620674"/>
                <texcoord u="0.930627" v="0.140005"/>
            </vertex>
            <vertex>
                <position y="0.418783" x="0.725353" z="-2.257890"/>
                <normal y="0.660262" x="0.422869" z="-0.620674"/>
                <texcoord u="0.935176" v="0.129212"/>
            </vertex>
            <vertex>
                <position y="-0.151903" x="0.788034" z="-2.822270"/>
                <normal y="0.660262" x="0.422869" z="-0.620674"/>
                <texcoord u="0.918528" v="0.140099"/>
            </vertex>
            <vertex>
                <position y="-0.606874" x="0.525356" z="-2.822270"/>
                <normal y="-0.860698" x="0.496924" z="0.110752"/>
                <texcoord u="0.912963" v="0.144316"/>
            </vertex>
            <vertex>
                <position y="-0.418783" x="0.725353" z="-2.257890"/>
                <normal y="-0.860698" x="0.496924" z="0.110752"/>
                <texcoord u="0.905905" v="0.129212"/>
            </vertex>
            <vertex>
                <position y="-0.837566" x="-0.000000" z="-2.257890"/>
                <normal y="-0.860698" x="0.496924" z="0.110752"/>
                <texcoord u="0.897980" v="0.157389"/>
            </vertex>
            <vertex>
                <position y="0.418783" x="-0.725353" z="-2.257890"/>
                <normal y="0.660262" x="-0.422869" z="-0.620673"/>
                <texcoord u="0.940979" v="0.175515"/>
            </vertex>
            <vertex>
                <position y="0.302333" x="-0.523657" z="-2.519184"/>
                <normal y="0.660262" x="-0.422869" z="-0.620673"/>
                <texcoord u="0.933907" v="0.166178"/>
            </vertex>
            <vertex>
                <position y="-0.151902" x="-0.788034" z="-2.822270"/>
                <normal y="0.660262" x="-0.422869" z="-0.620673"/>
                <texcoord u="0.922159" v="0.169073"/>
            </vertex>
            <vertex>
                <position y="0.282583" x="0.489448" z="6.137377"/>
                <normal y="0.000000" x="-0.000000" z="1.000000"/>
                <texcoord u="0.518327" v="0.512444"/>
            </vertex>
            <vertex>
                <position y="0.565166" x="-0.000000" z="6.137377"/>
                <normal y="0.000000" x="-0.000000" z="1.000000"/>
                <texcoord u="0.520448" v="0.496727"/>
            </vertex>
            <vertex>
                <position y="0.282583" x="-0.489448" z="6.137377"/>
                <normal y="0.000000" x="-0.000000" z="1.000000"/>
                <texcoord u="0.502982" v="0.488381"/>
            </vertex>
            <vertex>
                <position y="-0.282583" x="0.489448" z="6.137377"/>
                <normal y="-0.000000" x="0.000000" z="1.000000"/>
                <texcoord u="0.500420" v="0.520300"/>
            </vertex>
            <vertex>
                <position y="-0.282583" x="-0.489448" z="6.137377"/>
                <normal y="-0.000000" x="0.000000" z="1.000000"/>
                <texcoord u="0.484162" v="0.494672"/>
            </vertex>
            <vertex>
                <position y="-0.565166" x="-0.000000" z="6.137377"/>
                <normal y="0.000000" x="0.000000" z="1.000000"/>
                <texcoord u="0.482653" v="0.511224"/>
            </vertex>
            <vertex>
                <position y="0.444365" x="0.769663" z="5.826935"/>
                <normal y="0.642869" x="0.371161" z="0.670044"/>
                <texcoord u="0.533851" v="0.520667"/>
            </vertex>
            <vertex>
                <position y="0.888731" x="-0.000000" z="5.826935"/>
                <normal y="0.642869" x="0.371161" z="0.670044"/>
                <texcoord u="0.538533" v="0.489870"/>
            </vertex>
            <vertex>
                <position y="0.565166" x="-0.000000" z="6.137377"/>
                <normal y="0.642869" x="0.371161" z="0.670044"/>
                <texcoord u="0.520448" v="0.496727"/>
            </vertex>
            <vertex>
                <position y="0.282583" x="0.489448" z="6.137377"/>
                <normal y="0.642869" x="0.371161" z="0.670044"/>
                <texcoord u="0.518327" v="0.512444"/>
            </vertex>
            <vertex>
                <position y="-0.444365" x="-0.769663" z="5.826935"/>
                <normal y="-0.642869" x="-0.371161" z="0.670044"/>
                <texcoord u="0.465937" v="0.486972"/>
            </vertex>
            <vertex>
                <position y="-0.888731" x="-0.000000" z="5.826935"/>
                <normal y="-0.642869" x="-0.371161" z="0.670044"/>
                <texcoord u="0.466361" v="0.519815"/>
            </vertex>
            <vertex>
                <position y="-0.565166" x="-0.000000" z="6.137377"/>
                <normal y="-0.642869" x="-0.371161" z="0.670044"/>
                <texcoord u="0.482653" v="0.511224"/>
            </vertex>
            <vertex>
                <position y="-0.282583" x="-0.489448" z="6.137377"/>
                <normal y="-0.642869" x="-0.371161" z="0.670044"/>
                <texcoord u="0.484162" v="0.494672"/>
            </vertex>
            <vertex>
                <position y="-0.888731" x="-0.000000" z="5.826935"/>
                <normal y="-0.642869" x="0.371161" z="0.670044"/>
                <texcoord u="0.466361" v="0.519815"/>
            </vertex>
            <vertex>
                <position y="-0.444365" x="0.769663" z="5.826935"/>
                <normal y="-0.642869" x="0.371161" z="0.670044"/>
                <texcoord u="0.499940" v="0.535977"/>
            </vertex>
            <vertex>
                <position y="-0.282583" x="0.489448" z="6.137377"/>
                <normal y="-0.642869" x="0.371161" z="0.670044"/>
                <texcoord u="0.500420" v="0.520300"/>
            </vertex>
            <vertex>
                <position y="-0.565166" x="-0.000000" z="6.137377"/>
                <normal y="-0.642869" x="0.371161" z="0.670044"/>
                <texcoord u="0.482653" v="0.511224"/>
            </vertex>
            <vertex>
                <position y="0.888731" x="-0.000000" z="5.826935"/>
                <normal y="0.642869" x="-0.371161" z="0.670044"/>
                <texcoord u="0.538533" v="0.489870"/>
            </vertex>
            <vertex>
                <position y="0.444365" x="-0.769663" z="5.826935"/>
                <normal y="0.642869" x="-0.371161" z="0.670044"/>
                <texcoord u="0.504212" v="0.473262"/>
            </vertex>
            <vertex>
                <position y="0.282583" x="-0.489448" z="6.137377"/>
                <normal y="0.642869" x="-0.371161" z="0.670044"/>
                <texcoord u="0.502982" v="0.488381"/>
            </vertex>
            <vertex>
                <position y="0.565166" x="-0.000000" z="6.137377"/>
                <normal y="0.642869" x="-0.371161" z="0.670044"/>
                <texcoord u="0.520448" v="0.496727"/>
            </vertex>
            <vertex>
                <position y="-0.444365" x="0.769663" z="5.826935"/>
                <normal y="0.000000" x="0.742321" z="0.670044"/>
                <texcoord u="0.499940" v="0.535977"/>
            </vertex>
            <vertex>
                <position y="0.444365" x="0.769663" z="5.826935"/>
                <normal y="0.000000" x="0.742321" z="0.670044"/>
                <texcoord u="0.533851" v="0.520667"/>
            </vertex>
            <vertex>
                <position y="0.282583" x="0.489448" z="6.137377"/>
                <normal y="0.000000" x="0.742321" z="0.670044"/>
                <texcoord u="0.518327" v="0.512444"/>
            </vertex>
            <vertex>
                <position y="-0.282583" x="0.489448" z="6.137377"/>
                <normal y="0.000000" x="0.742321" z="0.670044"/>
                <texcoord u="0.500420" v="0.520300"/>
            </vertex>
        </vertexbuffer>
    </sharedgeometry>
    <submeshes>
        <submesh usesharedvertices="true" material="crystal" use32bitindexes="False" operationtype="triangle_list">
            <faces count="28">
                <face v1="80" v2="81" v3="82"/>
                <face v1="151" v2="152" v3="153"/>
                <face v1="154" v2="155" v3="156"/>
                <face v1="157" v2="158" v3="159"/>
                <face v1="160" v2="161" v3="162"/>
                <face v1="163" v2="164" v3="165"/>
                <face v1="166" v2="167" v3="168"/>
                <face v1="169" v2="170" v3="171"/>
                <face v1="172" v2="173" v3="174"/>
                <face v1="175" v2="176" v3="177"/>
                <face v1="178" v2="179" v3="180"/>
                <face v1="181" v2="182" v3="183"/>
                <face v1="184" v2="185" v3="186"/>
                <face v1="187" v2="188" v3="189"/>
                <face v1="190" v2="191" v3="192"/>
                <face v1="193" v2="194" v3="195"/>
                <face v1="196" v2="197" v3="198"/>
                <face v1="199" v2="200" v3="201"/>
                <face v1="202" v2="203" v3="204"/>
                <face v1="205" v2="206" v3="207"/>
                <face v1="208" v2="209" v3="210"/>
                <face v1="211" v2="212" v3="213"/>
                <face v1="214" v2="215" v3="216"/>
                <face v1="217" v2="218" v3="219"/>
                <face v1="220" v2="221" v3="222"/>
                <face v1="223" v2="224" v3="225"/>
                <face v1="226" v2="227" v3="228"/>
                <face v1="229" v2="230" v3="231"/>
            </faces>
        </submesh>
        <submesh usesharedvertices="true" material="texture" use32bitindexes="False" operationtype="triangle_list">
            <faces count="88">
                <face v1="0" v2="1" v3="2"/>
                <face v1="0" v2="2" v3="3"/>
                <face v1="4" v2="5" v3="6"/>
                <face v1="4" v2="6" v3="7"/>
                <face v1="8" v2="9" v3="10"/>
                <face v1="8" v2="10" v3="11"/>
                <face v1="12" v2="13" v3="14"/>
                <face v1="12" v2="14" v3="15"/>
                <face v1="16" v2="17" v3="18"/>
                <face v1="16" v2="18" v3="19"/>
                <face v1="20" v2="21" v3="22"/>
                <face v1="20" v2="22" v3="23"/>
                <face v1="24" v2="25" v3="26"/>
                <face v1="24" v2="26" v3="27"/>
                <face v1="28" v2="29" v3="30"/>
                <face v1="28" v2="30" v3="31"/>
                <face v1="32" v2="33" v3="34"/>
                <face v1="32" v2="34" v3="35"/>
                <face v1="36" v2="37" v3="38"/>
                <face v1="36" v2="38" v3="39"/>
                <face v1="40" v2="41" v3="42"/>
                <face v1="40" v2="42" v3="43"/>
                <face v1="44" v2="45" v3="46"/>
                <face v1="44" v2="46" v3="47"/>
                <face v1="48" v2="49" v3="50"/>
                <face v1="48" v2="50" v3="51"/>
                <face v1="52" v2="53" v3="54"/>
                <face v1="52" v2="54" v3="55"/>
                <face v1="56" v2="57" v3="58"/>
                <face v1="56" v2="58" v3="59"/>
                <face v1="60" v2="61" v3="62"/>
                <face v1="60" v2="62" v3="63"/>
                <face v1="64" v2="65" v3="66"/>
                <face v1="64" v2="66" v3="67"/>
                <face v1="68" v2="69" v3="70"/>
                <face v1="68" v2="70" v3="71"/>
                <face v1="72" v2="73" v3="74"/>
                <face v1="72" v2="74" v3="75"/>
                <face v1="76" v2="77" v3="78"/>
                <face v1="76" v2="78" v3="79"/>
                <face v1="83" v2="84" v3="85"/>
                <face v1="83" v2="85" v3="86"/>
                <face v1="87" v2="88" v3="89"/>
                <face v1="87" v2="89" v3="90"/>
                <face v1="91" v2="92" v3="93"/>
                <face v1="91" v2="93" v3="94"/>
                <face v1="95" v2="96" v3="97"/>
                <face v1="95" v2="97" v3="98"/>
                <face v1="99" v2="100" v3="101"/>
                <face v1="99" v2="101" v3="102"/>
                <face v1="103" v2="104" v3="105"/>
                <face v1="103" v2="105" v3="106"/>
                <face v1="107" v2="108" v3="109"/>
                <face v1="107" v2="109" v3="110"/>
                <face v1="111" v2="112" v3="113"/>
                <face v1="111" v2="113" v3="114"/>
                <face v1="115" v2="116" v3="117"/>
                <face v1="115" v2="117" v3="118"/>
                <face v1="119" v2="120" v3="121"/>
                <face v1="119" v2="121" v3="122"/>
                <face v1="123" v2="124" v3="125"/>
                <face v1="123" v2="125" v3="126"/>
                <face v1="127" v2="128" v3="129"/>
                <face v1="127" v2="129" v3="130"/>
                <face v1="131" v2="132" v3="133"/>
                <face v1="131" v2="133" v3="134"/>
                <face v1="135" v2="136" v3="137"/>
                <face v1="135" v2="137" v3="138"/>
                <face v1="139" v2="140" v3="141"/>
                <face v1="139" v2="141" v3="142"/>
                <face v1="143" v2="144" v3="145"/>
                <face v1="143" v2="145" v3="146"/>
                <face v1="147" v2="148" v3="149"/>
                <face v1="147" v2="149" v3="150"/>
                <face v1="232" v2="233" v3="234"/>
                <face v1="232" v2="234" v3="235"/>
                <face v1="234" v2="236" v3="235"/>
                <face v1="236" v2="237" v3="235"/>
                <face v1="238" v2="239" v3="240"/>
                <face v1="238" v2="240" v3="241"/>
                <face v1="242" v2="243" v3="244"/>
                <face v1="242" v2="244" v3="245"/>
                <face v1="246" v2="247" v3="248"/>
                <face v1="246" v2="248" v3="249"/>
                <face v1="250" v2="251" v3="252"/>
                <face v1="250" v2="252" v3="253"/>
                <face v1="254" v2="255" v3="256"/>
                <face v1="254" v2="256" v3="257"/>
            </faces>
        </submesh>
    </submeshes>
    <submeshnames>
        <submesh index="0" name="crystal">
        </submesh>
        <submesh index="1" name="texture">
        </submesh>
    </submeshnames>
</mesh>