<?xml version="1.0" encoding="UTF-8"?>
<mesh>
    <sharedgeometry vertexcount="108">
        <vertexbuffer texture_coords="0" positions="true" colours_diffuse="False" normals="true">
            <vertex>
                <position y="0.000000" x="0.086318" z="-0.505123"/>
                <normal y="-0.216828" x="0.112758" z="-0.969676"/>
            </vertex>
            <vertex>
                <position y="-0.377282" x="1.164818" z="-0.295348"/>
                <normal y="-0.216828" x="0.112758" z="-0.969676"/>
            </vertex>
            <vertex>
                <position y="-0.517083" x="-0.163254" z="-0.418521"/>
                <normal y="-0.216828" x="0.112758" z="-0.969676"/>
            </vertex>
            <vertex>
                <position y="-0.377282" x="1.164818" z="-0.295348"/>
                <normal y="0.000000" x="0.190929" z="-0.981604"/>
            </vertex>
            <vertex>
                <position y="0.000000" x="0.086318" z="-0.505123"/>
                <normal y="0.000000" x="0.190929" z="-0.981604"/>
            </vertex>
            <vertex>
                <position y="0.377282" x="1.164818" z="-0.295348"/>
                <normal y="0.000000" x="0.190929" z="-0.981604"/>
            </vertex>
            <vertex>
                <position y="0.000000" x="0.086318" z="-0.505123"/>
                <normal y="-0.122714" x="-0.088755" z="-0.988465"/>
            </vertex>
            <vertex>
                <position y="-0.517083" x="-0.163254" z="-0.418521"/>
                <normal y="-0.122714" x="-0.088755" z="-0.988465"/>
            </vertex>
            <vertex>
                <position y="-0.198633" x="-0.829797" z="-0.398206"/>
                <normal y="-0.122714" x="-0.088755" z="-0.988465"/>
            </vertex>
            <vertex>
                <position y="0.000000" x="0.086318" z="-0.505123"/>
                <normal y="0.620049" x="-0.222253" z="-0.752425"/>
            </vertex>
            <vertex>
                <position y="-0.198633" x="-0.829797" z="-0.398206"/>
                <normal y="0.620049" x="-0.222253" z="-0.752425"/>
            </vertex>
            <vertex>
                <position y="0.236957" x="-0.445322" z="-0.152818"/>
                <normal y="0.620049" x="-0.222253" z="-0.752425"/>
            </vertex>
            <vertex>
                <position y="0.000000" x="0.086318" z="-0.505123"/>
                <normal y="0.727395" x="-0.123151" z="-0.675077"/>
            </vertex>
            <vertex>
                <position y="0.236957" x="-0.445322" z="-0.152818"/>
                <normal y="0.727395" x="-0.123151" z="-0.675077"/>
            </vertex>
            <vertex>
                <position y="0.377282" x="1.164818" z="-0.295348"/>
                <normal y="0.727395" x="-0.123151" z="-0.675077"/>
            </vertex>
            <vertex>
                <position y="-0.223334" x="2.687629" z="-0.134890"/>
                <normal y="-0.860090" x="0.138680" z="-0.490931"/>
            </vertex>
            <vertex>
                <position y="-0.517826" x="2.074740" z="0.207917"/>
                <normal y="-0.860090" x="0.138680" z="-0.490931"/>
            </vertex>
            <vertex>
                <position y="-0.377282" x="1.164818" z="-0.295348"/>
                <normal y="-0.860090" x="0.138680" z="-0.490931"/>
            </vertex>
            <vertex>
                <position y="-0.517083" x="-0.163254" z="-0.418521"/>
                <normal y="-0.785010" x="0.138632" z="-0.603772"/>
            </vertex>
            <vertex>
                <position y="-0.377282" x="1.164818" z="-0.295348"/>
                <normal y="-0.785010" x="0.138632" z="-0.603772"/>
            </vertex>
            <vertex>
                <position y="-0.803182" x="0.957785" z="0.210859"/>
                <normal y="-0.785010" x="0.138632" z="-0.603772"/>
            </vertex>
            <vertex>
                <position y="-0.198633" x="-0.829797" z="-0.398206"/>
                <normal y="-0.815913" x="-0.402466" z="-0.415099"/>
            </vertex>
            <vertex>
                <position y="-0.517083" x="-0.163254" z="-0.418521"/>
                <normal y="-0.815913" x="-0.402466" z="-0.415099"/>
            </vertex>
            <vertex>
                <position y="-0.506945" x="-0.807230" z="0.185928"/>
                <normal y="-0.815913" x="-0.402466" z="-0.415099"/>
            </vertex>
            <vertex>
                <position y="0.236957" x="-0.445322" z="-0.152818"/>
                <normal y="0.657937" x="-0.306325" z="-0.687957"/>
            </vertex>
            <vertex>
                <position y="-0.198633" x="-0.829797" z="-0.398206"/>
                <normal y="0.657937" x="-0.306325" z="-0.687957"/>
            </vertex>
            <vertex>
                <position y="0.463587" x="-1.016005" z="0.318030"/>
                <normal y="0.657937" x="-0.306325" z="-0.687957"/>
            </vertex>
            <vertex>
                <position y="0.377282" x="1.164818" z="-0.295348"/>
                <normal y="0.734003" x="-0.123092" z="-0.667899"/>
            </vertex>
            <vertex>
                <position y="0.236957" x="-0.445322" z="-0.152818"/>
                <normal y="0.734003" x="-0.123092" z="-0.667899"/>
            </vertex>
            <vertex>
                <position y="0.803182" x="0.957785" z="0.210859"/>
                <normal y="0.734003" x="-0.123092" z="-0.667899"/>
            </vertex>
            <vertex>
                <position y="0.466126" x="1.586629" z="0.307062"/>
                <normal y="0.959619" x="0.143457" z="-0.241975"/>
            </vertex>
            <vertex>
                <position y="0.206825" x="2.678024" z="-0.074225"/>
                <normal y="0.959619" x="0.143457" z="-0.241975"/>
            </vertex>
            <vertex>
                <position y="0.377282" x="1.164818" z="-0.295348"/>
                <normal y="0.959619" x="0.143457" z="-0.241975"/>
            </vertex>
            <vertex>
                <position y="-0.517083" x="-0.163254" z="-0.418521"/>
                <normal y="-0.963918" x="-0.264214" z="0.032444"/>
            </vertex>
            <vertex>
                <position y="-0.803182" x="0.957785" z="0.210859"/>
                <normal y="-0.963918" x="-0.264214" z="0.032444"/>
            </vertex>
            <vertex>
                <position y="-0.385625" x="-0.501514" z="0.732457"/>
                <normal y="-0.963918" x="-0.264214" z="0.032444"/>
            </vertex>
            <vertex>
                <position y="-0.198633" x="-0.829797" z="-0.398206"/>
                <normal y="-0.200919" x="-0.977224" z="-0.068295"/>
            </vertex>
            <vertex>
                <position y="-0.506945" x="-0.807230" z="0.185928"/>
                <normal y="-0.200919" x="-0.977224" z="-0.068295"/>
            </vertex>
            <vertex>
                <position y="0.463587" x="-1.016005" z="0.318030"/>
                <normal y="-0.200919" x="-0.977224" z="-0.068295"/>
            </vertex>
            <vertex>
                <position y="0.236957" x="-0.445322" z="-0.152818"/>
                <normal y="0.923093" x="-0.315525" z="-0.219873"/>
            </vertex>
            <vertex>
                <position y="0.384716" x="-0.509194" z="0.559177"/>
                <normal y="0.923093" x="-0.315525" z="-0.219873"/>
            </vertex>
            <vertex>
                <position y="0.803182" x="0.957785" z="0.210859"/>
                <normal y="0.923093" x="-0.315525" z="-0.219873"/>
            </vertex>
            <vertex>
                <position y="0.206825" x="2.678024" z="-0.074225"/>
                <normal y="0.141048" x="0.089628" z="-0.985937"/>
            </vertex>
            <vertex>
                <position y="-0.223334" x="2.687629" z="-0.134890"/>
                <normal y="0.141048" x="0.089628" z="-0.985937"/>
            </vertex>
            <vertex>
                <position y="-0.377282" x="1.164818" z="-0.295348"/>
                <normal y="0.141048" x="0.089628" z="-0.985937"/>
            </vertex>
            <vertex>
                <position y="-0.803182" x="0.957785" z="0.210859"/>
                <normal y="-0.583467" x="0.018557" z="0.811925"/>
            </vertex>
            <vertex>
                <position y="0.000000" x="1.272022" z="0.780862"/>
                <normal y="-0.583467" x="0.018557" z="0.811925"/>
            </vertex>
            <vertex>
                <position y="0.000000" x="0.086318" z="0.807961"/>
                <normal y="-0.583467" x="0.018557" z="0.811925"/>
            </vertex>
            <vertex>
                <position y="-0.385625" x="-0.501514" z="0.732457"/>
                <normal y="-0.450579" x="0.183362" z="0.873703"/>
            </vertex>
            <vertex>
                <position y="-0.803182" x="0.957785" z="0.210859"/>
                <normal y="-0.450579" x="0.183362" z="0.873703"/>
            </vertex>
            <vertex>
                <position y="0.000000" x="0.086318" z="0.807961"/>
                <normal y="-0.450579" x="0.183362" z="0.873703"/>
            </vertex>
            <vertex>
                <position y="0.384716" x="-0.509194" z="0.559177"/>
                <normal y="0.217989" x="-0.080156" z="0.972654"/>
            </vertex>
            <vertex>
                <position y="0.089912" x="-0.764178" z="0.604234"/>
                <normal y="0.217989" x="-0.080156" z="0.972654"/>
            </vertex>
            <vertex>
                <position y="-0.385625" x="-0.501514" z="0.732457"/>
                <normal y="0.217989" x="-0.080156" z="0.972654"/>
            </vertex>
            <vertex>
                <position y="0.803182" x="0.957785" z="0.210859"/>
                <normal y="0.575150" x="0.030039" z="0.817496"/>
            </vertex>
            <vertex>
                <position y="0.384716" x="-0.509194" z="0.559177"/>
                <normal y="0.575150" x="0.030039" z="0.817496"/>
            </vertex>
            <vertex>
                <position y="0.000000" x="0.086318" z="0.807961"/>
                <normal y="0.575150" x="0.030039" z="0.817496"/>
            </vertex>
            <vertex>
                <position y="0.000000" x="1.272022" z="0.780862"/>
                <normal y="0.583467" x="0.018557" z="0.811925"/>
            </vertex>
            <vertex>
                <position y="0.803182" x="0.957785" z="0.210859"/>
                <normal y="0.583467" x="0.018557" z="0.811925"/>
            </vertex>
            <vertex>
                <position y="0.000000" x="0.086318" z="0.807961"/>
                <normal y="0.583467" x="0.018557" z="0.811925"/>
            </vertex>
            <vertex>
                <position y="0.463587" x="-1.016005" z="0.318030"/>
                <normal y="0.419482" x="-0.335972" z="0.843302"/>
            </vertex>
            <vertex>
                <position y="0.089912" x="-0.764178" z="0.604234"/>
                <normal y="0.419482" x="-0.335972" z="0.843302"/>
            </vertex>
            <vertex>
                <position y="0.384716" x="-0.509194" z="0.559177"/>
                <normal y="0.419482" x="-0.335972" z="0.843302"/>
            </vertex>
            <vertex>
                <position y="0.463587" x="-1.016005" z="0.318030"/>
                <normal y="-0.245678" x="-0.864009" z="0.439466"/>
            </vertex>
            <vertex>
                <position y="-0.506945" x="-0.807230" z="0.185928"/>
                <normal y="-0.245678" x="-0.864009" z="0.439466"/>
            </vertex>
            <vertex>
                <position y="0.089912" x="-0.764178" z="0.604234"/>
                <normal y="-0.245678" x="-0.864009" z="0.439466"/>
            </vertex>
            <vertex>
                <position y="-0.506945" x="-0.807230" z="0.185928"/>
                <normal y="-0.303556" x="-0.801261" z="0.515591"/>
            </vertex>
            <vertex>
                <position y="-0.385625" x="-0.501514" z="0.732457"/>
                <normal y="-0.303556" x="-0.801261" z="0.515591"/>
            </vertex>
            <vertex>
                <position y="0.089912" x="-0.764178" z="0.604234"/>
                <normal y="-0.303556" x="-0.801261" z="0.515591"/>
            </vertex>
            <vertex>
                <position y="-0.223334" x="2.687629" z="-0.134890"/>
                <normal y="-0.050686" x="0.866507" z="0.496586"/>
            </vertex>
            <vertex>
                <position y="0.206825" x="2.678024" z="-0.074225"/>
                <normal y="-0.050686" x="0.866507" z="0.496586"/>
            </vertex>
            <vertex>
                <position y="0.014759" x="2.255830" z="0.642869"/>
                <normal y="-0.050686" x="0.866507" z="0.496586"/>
            </vertex>
            <vertex>
                <position y="-0.223334" x="2.687629" z="-0.134890"/>
                <normal y="-0.622099" x="0.588043" z="0.516912"/>
            </vertex>
            <vertex>
                <position y="0.014759" x="2.255830" z="0.642869"/>
                <normal y="-0.622099" x="0.588043" z="0.516912"/>
            </vertex>
            <vertex>
                <position y="-0.517826" x="2.074740" z="0.207917"/>
                <normal y="-0.622099" x="0.588043" z="0.516912"/>
            </vertex>
            <vertex>
                <position y="0.206825" x="2.678024" z="-0.074225"/>
                <normal y="0.834119" x="0.347753" z="0.428152"/>
            </vertex>
            <vertex>
                <position y="0.466126" x="1.586629" z="0.307062"/>
                <normal y="0.834119" x="0.347753" z="0.428152"/>
            </vertex>
            <vertex>
                <position y="0.014759" x="2.255830" z="0.642869"/>
                <normal y="0.834119" x="0.347753" z="0.428152"/>
            </vertex>
            <vertex>
                <position y="0.000000" x="1.272022" z="0.780862"/>
                <normal y="-0.611903" x="0.158368" z="0.774916"/>
            </vertex>
            <vertex>
                <position y="-0.803182" x="0.957785" z="0.210859"/>
                <normal y="-0.611903" x="0.158368" z="0.774916"/>
            </vertex>
            <vertex>
                <position y="-0.517826" x="2.074740" z="0.207917"/>
                <normal y="-0.611903" x="0.158368" z="0.774916"/>
            </vertex>
            <vertex>
                <position y="0.803182" x="0.957785" z="0.210859"/>
                <normal y="0.619993" x="0.216960" z="0.754014"/>
            </vertex>
            <vertex>
                <position y="0.000000" x="1.272022" z="0.780862"/>
                <normal y="0.619993" x="0.216960" z="0.754014"/>
            </vertex>
            <vertex>
                <position y="0.466126" x="1.586629" z="0.307062"/>
                <normal y="0.619993" x="0.216960" z="0.754014"/>
            </vertex>
            <vertex>
                <position y="-0.517826" x="2.074740" z="0.207917"/>
                <normal y="-0.788496" x="0.199910" z="-0.581644"/>
            </vertex>
            <vertex>
                <position y="-0.803182" x="0.957785" z="0.210859"/>
                <normal y="-0.788496" x="0.199910" z="-0.581644"/>
            </vertex>
            <vertex>
                <position y="-0.377282" x="1.164818" z="-0.295348"/>
                <normal y="-0.788496" x="0.199910" z="-0.581644"/>
            </vertex>
            <vertex>
                <position y="-0.517083" x="-0.163254" z="-0.418521"/>
                <normal y="-0.981122" x="0.123916" z="0.148476"/>
            </vertex>
            <vertex>
                <position y="-0.385625" x="-0.501514" z="0.732457"/>
                <normal y="-0.981122" x="0.123916" z="0.148476"/>
            </vertex>
            <vertex>
                <position y="-0.506945" x="-0.807230" z="0.185928"/>
                <normal y="-0.981122" x="0.123916" z="0.148476"/>
            </vertex>
            <vertex>
                <position y="0.384716" x="-0.509194" z="0.559177"/>
                <normal y="0.956084" x="0.233241" z="-0.177490"/>
            </vertex>
            <vertex>
                <position y="0.236957" x="-0.445322" z="-0.152818"/>
                <normal y="0.956084" x="0.233241" z="-0.177490"/>
            </vertex>
            <vertex>
                <position y="0.463587" x="-1.016005" z="0.318030"/>
                <normal y="0.956084" x="0.233241" z="-0.177490"/>
            </vertex>
            <vertex>
                <position y="0.803182" x="0.957785" z="0.210859"/>
                <normal y="0.759376" x="0.475039" z="-0.444619"/>
            </vertex>
            <vertex>
                <position y="0.466126" x="1.586629" z="0.307062"/>
                <normal y="0.759376" x="0.475039" z="-0.444619"/>
            </vertex>
            <vertex>
                <position y="0.377282" x="1.164818" z="-0.295348"/>
                <normal y="0.759376" x="0.475039" z="-0.444619"/>
            </vertex>
            <vertex>
                <position y="0.377282" x="1.164818" z="-0.295348"/>
                <normal y="0.000000" x="0.144593" z="-0.989491"/>
            </vertex>
            <vertex>
                <position y="0.206825" x="2.678024" z="-0.074225"/>
                <normal y="0.000000" x="0.144593" z="-0.989491"/>
            </vertex>
            <vertex>
                <position y="-0.377282" x="1.164818" z="-0.295348"/>
                <normal y="0.000000" x="0.144593" z="-0.989491"/>
            </vertex>
            <vertex>
                <position y="0.000000" x="0.086318" z="0.807961"/>
                <normal y="0.209538" x="-0.258582" z="0.942989"/>
            </vertex>
            <vertex>
                <position y="0.384716" x="-0.509194" z="0.559177"/>
                <normal y="0.209538" x="-0.258582" z="0.942989"/>
            </vertex>
            <vertex>
                <position y="-0.385625" x="-0.501514" z="0.732457"/>
                <normal y="0.209538" x="-0.258582" z="0.942989"/>
            </vertex>
            <vertex>
                <position y="0.014759" x="2.255830" z="0.642869"/>
                <normal y="-0.651504" x="0.114956" z="0.749885"/>
            </vertex>
            <vertex>
                <position y="0.000000" x="1.272022" z="0.780862"/>
                <normal y="-0.651504" x="0.114956" z="0.749885"/>
            </vertex>
            <vertex>
                <position y="-0.517826" x="2.074740" z="0.207917"/>
                <normal y="-0.651504" x="0.114956" z="0.749885"/>
            </vertex>
            <vertex>
                <position y="0.000000" x="1.272022" z="0.780862"/>
                <normal y="0.678600" x="0.092032" z="0.728719"/>
            </vertex>
            <vertex>
                <position y="0.014759" x="2.255830" z="0.642869"/>
                <normal y="0.678600" x="0.092032" z="0.728719"/>
            </vertex>
            <vertex>
                <position y="0.466126" x="1.586629" z="0.307062"/>
                <normal y="0.678600" x="0.092032" z="0.728719"/>
            </vertex>
        </vertexbuffer>
    </sharedgeometry>
    <submeshes>
        <submesh usesharedvertices="true" material="crystal" use32bitindexes="False" operationtype="triangle_list">
            <faces count="36">
                <face v1="0" v2="1" v3="2"/>
                <face v1="3" v2="4" v3="5"/>
                <face v1="6" v2="7" v3="8"/>
                <face v1="9" v2="10" v3="11"/>
                <face v1="12" v2="13" v3="14"/>
                <face v1="15" v2="16" v3="17"/>
                <face v1="18" v2="19" v3="20"/>
                <face v1="21" v2="22" v3="23"/>
                <face v1="24" v2="25" v3="26"/>
                <face v1="27" v2="28" v3="29"/>
                <face v1="30" v2="31" v3="32"/>
                <face v1="33" v2="34" v3="35"/>
                <face v1="36" v2="37" v3="38"/>
                <face v1="39" v2="40" v3="41"/>
                <face v1="42" v2="43" v3="44"/>
                <face v1="45" v2="46" v3="47"/>
                <face v1="48" v2="49" v3="50"/>
                <face v1="51" v2="52" v3="53"/>
                <face v1="54" v2="55" v3="56"/>
                <face v1="57" v2="58" v3="59"/>
                <face v1="60" v2="61" v3="62"/>
                <face v1="63" v2="64" v3="65"/>
                <face v1="66" v2="67" v3="68"/>
                <face v1="69" v2="70" v3="71"/>
                <face v1="72" v2="73" v3="74"/>
                <face v1="75" v2="76" v3="77"/>
                <face v1="78" v2="79" v3="80"/>
                <face v1="81" v2="82" v3="83"/>
                <face v1="84" v2="85" v3="86"/>
                <face v1="87" v2="88" v3="89"/>
                <face v1="90" v2="91" v3="92"/>
                <face v1="93" v2="94" v3="95"/>
                <face v1="96" v2="97" v3="98"/>
                <face v1="99" v2="100" v3="101"/>
                <face v1="102" v2="103" v3="104"/>
                <face v1="105" v2="106" v3="107"/>
            </faces>
        </submesh>
    </submeshes>
    <submeshnames>
        <submesh index="0" name="crystal">
        </submesh>
    </submeshnames>
</mesh>